"kode"	"title"	"relationship_id"	"snomed_id"	"concept_code"	"snomed_name"	"precedence"
"C38.4"	"Pleura, NOS"	"Maps to"	"4150673"	"3120008"	"Pleural structure"	
"C38.8"	"Overlapping lesion of heart, mediastinum and pleura"	"Is a"	"44782532"	"699593001"	"Structure of compartment of thorax"	
"C39"	"OTHER AND ILL-DEFINED SITES WITHIN RESPIRATORY SYSTEM AND INTRATHORACIC ORGANS"	"Is a"	"4194164"	"312419003"	"Structure of respiratory system and/or intrathoracic structure"	
"C39.0"	"Upper respiratory tract, NOS"	"Maps to"	"4240242"	"58675001"	"Upper respiratory tract structure"	
"C39.8"	"Overlapping lesion of respiratory system and intrathoracic organs"	"Is a"	"4194164"	"312419003"	"Structure of respiratory system and/or intrathoracic structure"	
"C39.9"	"Ill-defined sites within respiratory system"	"Is a"	"4065366"	"20139000"	"Structure of respiratory system"	
"C40"	"BONES, JOINTS AND ARTICULAR CARTILAGE OF LIMBS"	"Is a"	"4194607"	"312564004"	"Bone and/or joint structure of limb"	
"C40.0"	"Long bones of upper limb, scapula and associated joints"	"Is a"	"4194607"	"312564004"	"Bone and/or joint structure of limb"	
"C40.1"	"Short bones of upper limb and associated joints"	"Is a"	"46273194"	"312564004"	"Bone and/or joint structure of limb"	
"C40.2"	"Long bones of lower limb and associated joints"	"Is a"	"4271021"	"312564004"	"Bone and/or joint structure of limb"	
"C40.3"	"Short bones of lower limb and associated joints"	"Is a"	"46273195"	"312564004"	"Bone and/or joint structure of limb"	
"C40.8"	"Overlapping lesion of bones, joints and articular cartilage of limbs"	"Is a"	"4194607"	"312564004"	"Bone and/or joint structure of limb"	
"C40.9"	"Bone of limb, NOS"	"Maps to"	"4174982"	"48566001"	"Bone structure of extremity"	
"C41"	"BONES, JOINTS AND ARTICULAR CARTILAGE OF OTHER AND UNSPECIFIED SITES"	"Is a"	"4144492"	"306721000"	"Bone and/or joint structure"	
"C41.0"	"Bones of skull and face and associated joints"	"Is a"	4090123	281241007	"Musculoskeletal structure of head"	
"C41.1"	"Mandible"	"Maps to"	"4240393"	"91609006"	"Bone structure of mandible"	
"C41.2"	"Vertebral column"	"Maps to"	"4227378"	"421060004"	"Structure of vertebral column"	
"C41.3"	"Rib, sternum, clavicle and associated joints"	"Is a"	4129506	289960006	"Structure of musculoskeletal system of thorax"	
"C41.4"	"Pelvic bones, sacrum, coccyx and associated joints"	"Is a"	"4144492"	"306721000"	"Bone and/or joint structure"	
"C41.8"	"Overlapping lesion of bones, joints and articular cartilage"	"Is a"	"4144492"	"306721000"	"Bone and/or joint structure"	
"C42"	"HEMATOPOIETIC AND RETICULOENDOTHELIAL SYSTEMS"	"Is a"	4074811	245255009	"Structure of lymphoreticular system"	
"C42.1"	"Bone marrow"	"Maps to"	"4029619"	"14016003"	"Bone marrow structure"	
"C42.2"	"Spleen"	"Maps to"	"4302605"	"78961009"	"Splenic structure"	
"C42.4"	"Hematopoietic system, NOS"	"Maps to"	"4210988"	"57171008"	"Hematopoietic system structure"	
"C44"	"SKIN"	"Maps to"	"4219601"	"39937001"	"Skin structure"	
"C44.0"	"Skin of lip, NOS"	"Maps to"	"4338113"	"88089004"	"Skin structure of lip"	
"C44.1"	"Eyelid"	"Maps to"	"4196657"	"80243003"	"Eyelid structure"	
"C44.2"	"External ear"	"Maps to"	"4153243"	"28347008"	"External ear structure"	
"C44.3"	"Skin of other and unspecified parts of face"	"Is a"	"4250773"	"73897004"	"Skin structure of face "	
"C44.4"	"Skin of scalp and neck"	"Maps to"	"4271004"	"400056003"	"Skin structure of scalp and/or neck"	
"C44.5"	"Skin of trunk"	"Maps to"	"4313445"	"86381001"	"Skin structure of trunk"	
"C44.6"	"Skin of upper limb and shoulder"	"Maps to"	"4118620"	"303979001"	"Skin of part of shoulder and upper arm"	
"C44.7"	"Skin of lower limb and hip"	"Maps to"	"4085720"	"281739007"	"Skin of part of lower limb"	"1"
"C44.7"	"Skin of lower limb and hip"	"Maps to"	"4159862"	"371304004"	"Skin structure of lower limb"	"2"
"C44.8"	"Overlapping lesion of skin"	"Is a"	"4219601"	"39937001"	"Skin structure"	
"C44.9"	"Skin, NOS"	"Maps to"	"4219601"	"39937001"	"Skin structure"	
"C47"	"PERIPHERAL NERVES AND AUTONOMIC NERVOUS SYSTEM"	"Is a"	"4096246"	"25087005"	"Structure of nervous system"	
"C47.0"	"Peripheral nerves and autonomic nervous system of head, face, and neck"	"Maps to"	"4156638"	"272634000"	"Peripheral nerve of head and neck"	
"C47.1"	"Peripheral nerves and autonomic nervous system of upper limb and shoulder"	"Is a"	"4152549"	"314738007"	"Peripheral nerve structure of upper limb"	
"C47.2"	"Peripheral nerves and autonomic nervous system of lower limband hip"	"Is a"	"4353161"	"244476009"	"Peripheral nerve of lower limb"	
"C47.3"	"Peripheral nerves and autonomic nervous system of thorax"	"Is a"	"4160012"	"361391003"	"Regional peripheral nerve"	
"C47.4"	"Peripheral nerves and autonomic nervous system of abdomen"	"Maps to"	"4142251"	"426240001"	"Structure of peripheral nerve of abdomen"	
"C47.5"	"Peripheral nerves and autonomic nervous system of pelvis"	"Is a"	"4236699"	"361053007"	"Peripheral nerve structure of trunk"	
"C47.6"	"Peripheral nerves and autonomic nervous system of trunk, NOS"	"Maps to"	"4236699"	"361053007"	"Peripheral nerve structure of trunk"	
"C47.8"	"Overlapping lesion of peripheral nerves and autonomic nervous system"	"Is a"	"4096246"	"25087005"	"Structure of nervous system"	
"C47.9"	"Autonomic nervous system, NOS"	"Maps to"	"4218275"	"72167002"	"Autonomic nervous system structure"	
"C48"	"RETROPERITONEUM AND PERITONEUM"	"Is a"	"4034054"	"113345001"	"Abdominal structure"	
"C48.0"	"Retroperitoneum"	"Maps to"	"4220536"	"82849001"	"Retroperitoneal compartment structure"	
"C48.1"	"Specified parts of peritoneum"	"Maps to"	"4035784"	"15425007"	"Peritoneum (serous membrane) structure"	
"C48.2"	"Peritoneum, NOS"	"Maps to"	"4035784"	"15425007"	"Peritoneum (serous membrane) structure"	
"C48.8"	"Overlapping lesion of retroperitoneum and peritoneum"	"Is a"	"4034054"	"113345001"	"Abdominal structure"	
"C49"	"CONNECTIVE, SUBCUTANEOUS AND OTHER SOFT TISSUES"	"Is a"	"4310109"	"85756007"	"Body tissue structure"	
"C49.0"	"Connective, subcutaneous and other soft tissues of head, face, and neck"	"Maps to"	"4145617"	"34201000"	"Structure of soft tissues of head and neck"	
"C49.1"	"Connective, subcutaneous and other soft tissues of upper limb and shoulder"	"Maps to"	"4294546"	"75490006"	"Structure of soft tissues of upper extremity"	
"C49.2"	"Connective, subcutaneous and other soft tissues of lower limb and hip"	"Maps to"	"4282628"	"67328008"	"Structure of soft tissues of lower extremity"	
"C49.3"	"Connective, subcutaneous and other soft tissues of thorax"	"Maps to"	"4136511"	"31749008"	"Structure of soft tissues of thorax"	
"C49.4"	"Connective, subcutaneous and other soft tissues of abdomen"	"Maps to"	"4288306"	"69778002"	"Structure of soft tissues of abdomen"	
"C49.5"	"Connective, subcutaneous and other soft tissues of pelvis"	"Maps to"	"4065109"	"20159001"	"Structure of soft tissues of pelvis"	
"C49.6"	"Connective, subcutaneous and other soft tissues of trunk NOS"	"Maps to"	"4033377"	"1490004"	"Structure of soft tissues of trunk"	
"C41.9"	"Bone, NOS"	"Maps to"	"4151146"	"3138006"	"Bone structure"	"1"
"C49.8"	"Overlapping lesion of connective, subcutaneous and other soft tissues"	"Is a"	"4310109"	"85756007"	"Body tissue structure"	
"C49.9"	"Connective, subcutaneous and other soft tissues, NOS"	"Is a"	"4310109"	"85756007"	"Body tissue structure"	
"C50"	"BREAST"	"Maps to"	"4298444"	"76752008"	"Breast structure"	
"C50.0"	"Nipple"	"Maps to"	"4082856"	"24142002"	"Nipple structure"	
"C50.1"	"Central portion of breast"	"Maps to"	"4173884"	"49058007"	"Structure of central portion of breast"	
"C50.2"	"Upper-inner quadrant of breast"	"Maps to"	"4299233"	"77831004"	"Structure of upper inner quadrant of breast "	
"C50.3"	"Lower-inner quadrant of breast"	"Maps to"	"4078061"	"19100000"	"Structure of lower inner quadrant of breast "	
"C50.4"	"Upper-outer quadrant of breast"	"Maps to"	"4295715"	"76365002"	"Structure of upper outer quadrant of breast "	
"C50.5"	"Lower-outer quadrant of breast"	"Maps to"	"4140809"	"33564002"	"Structure of lower outer quadrant of breast "	
"C50.6"	"Axillary tail of breast"	"Maps to"	"4244524"	"38412008"	"Structure of axillary tail of breast"	
"C50.8"	"Overlapping lesion of breast"	"Is a"	"4298444"	"76752008"	"Breast structure"	
"C50.9"	"Breast, NOS"	"Maps to"	"4298444"	"76752008"	"Breast structure"	
"C51"	"VULVA"	"Maps to"	"4166066"	"45292006"	"Vulval structure"	
"C51.0"	"Labium majus"	"Maps to"	"4219641"	"82462005"	"Labium majus structure"	
"C51.1"	"Labium minus"	"Maps to"	"4137758"	"32104003"	"Labium minus structure"	
"C51.2"	"Clitoris"	"Maps to"	"4276496"	"65439009"	"Clitoral structure"	
"C51.8"	"Overlapping lesion of vulva"	"Is a"	"4166066"	"45292006"	"Vulval structure"	
"C51.9"	"Vulva, NOS"	"Maps to"	"4166066"	"45292006"	"Vulval structure"	
"C52"	"VAGINA"	"Maps to"	"4296022"	"76784001"	"Vaginal structure"	
"C52.9"	"Vagina, NOS"	"Maps to"	"4296022"	"76784001"	"Vaginal structure"	
"C53"	"CERVIX UTERI"	"Maps to"	"4325271"	"71252005"	"Cervix uteri structure "	
"C53.0"	"Endocervix"	"Maps to"	"4289829"	"36973007"	"Endocervical structure"	
"C53.1"	"Exocervix"	"Maps to"	"4151672"	"28349006"	"Exocervical structure"	
"C53.8"	"Overlapping lesion of cervix uteri"	"Is a"	"4325271"	"71252005"	"Cervix uteri structure "	
"C53.9"	"Cervix uteri"	"Maps to"	"4325271"	"71252005"	"Cervix uteri structure"	
"C54"	"CORPUS UTERI"	"Maps to"	"4034303"	"23952005"	"Body of uterus structure"	
"C54.0"	"Isthmus uteri"	"Maps to"	"4203777"	"53935009"	"Isthmus uteri structure"	
"C54.1"	"Endometrium"	"Maps to"	"4099331"	"2739003"	"Endometrial structure"	
"C54.2"	"Myometrium"	"Maps to"	"4099478"	"27232003"	"Myometrial structure"	
"C54.3"	"Fundus uteri"	"Maps to"	"4100467"	"27485007"	"Structure of fundus uteri"	
"C54.8"	"Overlapping lesion of corpus uteri"	"Is a"	"4034303"	"23952005"	"Body of uterus structure"	
"C54.9"	"Corpus uteri"	"Maps to"	"4034303"	"23952005"	"Body of uterus structure"	
"C55"	"UTERUS, NOS"	"Maps to"	"4149192"	"35039007"	"Uterine structure"	
"C55.9"	"Uterus, NOS"	"Maps to"	"4149192"	"35039007"	"Uterine structure"	
"C56"	"OVARY"	"Maps to"	"4049448"	"15497006"	"Ovarian structure"	
"C56.9"	"Ovary"	"Maps to"	"4049448"	"15497006"	"Ovarian structure"	
"C57"	"OTHER AND UNSPECIFIED FEMALE GENITAL ORGANS"	"Maps to"	"4132420"	"127882003"	"Female genital organ structure"	
"C57.0"	"Fallopian tube"	"Maps to"	"4151444"	"31435000"	"Fallopian tube structure"	
"C57.1"	"Broad ligament"	"Maps to"	"4142361"	"34411009"	"Broad ligament structure"	
"C57.2"	"Round ligament"	"Maps to"	"4176267"	"50840003"	"Structure of round ligament of uterus"	
"C57.3"	"Parametrium"	"Maps to"	"4163989"	"45682005"	"Structure of parametrium"	
"C57.4"	"Uterine adnexa"	"Maps to"	"4044228"	"23043003"	"Uterine adnexae structure"	
"C57.7"	"Other specified parts of female genital organs"	"Is a"	"4132420"	"127882003"	"Female genital organ structure"	
"C57.8"	"Overlapping lesion of female genital organs"	"Is a"	"4132420"	"127882003"	"Female genital organ structure"	
"C57.9"	"Female genital tract, NOS"	"Maps to"	"4137062"	"413344004"	"Female genital organ structure"	
"C58"	"PLACENTA"	"Maps to"	"4299940"	"78067005"	"Placental structure"	
"C58.9"	"Placenta"	"Maps to"	"4299940"	"78067005"	"Placental structure"	
"C60"	"PENIS"	"Maps to"	"4077311"	"18911002"	"Penile structure"	
"C60.0"	"Prepuce"	"Maps to"	"4076570"	"17880006"	"Preputial structure "	
"C60.1"	"Glans penis"	"Maps to"	"4247281"	"60319009"	"Glans penis structure"	
"C60.2"	"Body of penis"	"Maps to"	"4328499"	"75279004"	"Corpus penis structure"	
"C60.8"	"Overlapping lesion of penis"	"Is a"	"4077311"	"18911002"	"Penile structure"	
"C60.9"	"Penis, NOS"	"Maps to"	"4077311"	"18911002"	"Penile structure"	
"C61"	"PROSTATE GLAND"	"Maps to"	"4089450"	"279689003"	"Prostatic gland structure "	
"C61.9"	"Prostate gland"	"Maps to"	"4089450"	"279689003"	"Prostatic gland structure "	
"C62"	"TESTIS"	"Maps to"	"4238088"	"40689003"	"Testis structure"	
"C62.0"	"Undescended testis"	"Maps to"	"4133452"	"127907005"	"Undescended testis"	
"C62.1"	"Descended testis"	"Maps to"	"4215687"	"416953005"	"Descended testis structure"	
"C62.9"	"Testis, NOS"	"Maps to"	"4238088"	"40689003"	"Testis structure"	
"C63"	"OTHER AND UNSPECIFIED MALE GENITAL ORGANS"	"Maps to"	"4133451"	"127903009"	"Male genital organ structure"	"1"
"C63"	"OTHER AND UNSPECIFIED MALE GENITAL ORGANS"	"Maps to"	"4232009"	"90264002"	"Male genital structure"	"2"
"C63.0"	"Epididymis"	"Maps to"	"4227148"	"87644002"	"Epididymis structure"	
"C63.1"	"Spermatic cord"	"Maps to"	"4172591"	"49957000"	"Spermatic cord structure"	
"C63.2"	"Scrotum, NOS"	"Maps to"	"4066714"	"20233005"	"Scrotal structure"	
"C63.7"	"Other specified parts of male genital organs"	"Maps to"	"4133451"	"127903009"	"Male genital organ structure"	
"C63.8"	"Overlapping lesion of male genital organs Note:"	"Is a"	"4133451"	"127903009"	"Male genital organ structure"	
"C63.9"	"Male genital organs, NOS"	"Maps to"	"4232009"	"90264002"	"Male genital structure"	"2"
"C63.9"	"Male genital organs, NOS"	"Maps to"	"4133451"	"127903009"	"Male genital organ structure"	"1"
"C64"	"KIDNEY"	"Maps to"	"4271678"	"64033007"	"Kidney structure"	
"C64.9"	"Kidney, NOS"	"Maps to"	"4271678"	"64033007"	"Kidney structure"	
"C65"	"RENAL PELVIS"	"Maps to"	"4094242"	"25990002"	"Renal pelvis structure"	
"C65.9"	"Renal pelvis"	"Maps to"	"4094242"	"25990002"	"Renal pelvis structure"	
"C66"	"URETER"	"Maps to"	"4337115"	"87953007"	"Ureteric structure"	
"C66.9"	"Ureter"	"Maps to"	"4337115"	"87953007"	"Ureteric structure"	
"C67"	"BLADDER"	"Maps to"	"4232481"	"89837001"	"Urinary bladder structure"	
"C67.0"	"Trigone of bladder"	"Maps to"	"4071704"	"21740000"	"Trigonal structure "	
"C67.1"	"Dome of bladder"	"Maps to"	"4282252"	"367608002"	"Structure of dome of urinary bladder"	
"C67.2"	"Lateral wall of bladder"	"Maps to"	"4078693"	"19318009"	"Structure of lateral wall of urinary bladder "	
"C67.3"	"Anterior wall of bladder"	"Maps to"	"4179932"	"50858009"	"Structure of anterior wall of urinary bladder "	
"C67.4"	"Posterior wall of bladder"	"Maps to"	"4106318"	"25640004"	"Structure of posterior wall of urinary bladder "	
"C67.5"	"Bladder neck"	"Maps to"	"4272632"	"64344009"	"Structure of neck of urinary bladder"	
"C67.6"	"Ureteric orifice"	"Maps to"	"4180566"	"53180009"	"Structure of ureteral orifice "	
"C67.7"	"Urachus"	"Maps to"	"4030072"	"14105008"	"Structure of urachus "	
"C67.8"	"Overlapping lesion of bladder"	"Is a"	"4232481"	"89837001"	"Urinary bladder structure"	
"C67.9"	"Bladder, NOS"	"Maps to"	"4232481"	"89837001"	"Urinary bladder structure"	
"C68"	"OTHER AND UNSPECIFIED URINARY ORGANS"	"Maps to"	"37017945"	"714321003"	"Structure of urinary organ"	
"C68.0"	"Urethra"	"Maps to"	"4029306"	"13648007"	"Urethral structure"	
"C68.1"	"Paraurethral gland"	"Maps to"	"4279683"	"367609005"	"Structure of paraurethral gland"	
"C68.8"	"Overlapping lesion of urinary organs"	"Is a"	"37017945"	"714321003"	"Structure of urinary organ"	
"C68.9"	"Urinary system, NOS"	"Maps to"	"4047487"	"122489005"	"Urinary system structure"	
"C69"	"EYE AND ADNEXA"	"Is a"	"4159886"	"371398005"	"Eye region structure "	
"C69.0"	"Conjunctiva"	"Maps to"	"4105319"	"29445007"	"Conjunctival structure"	
"C69.1"	"Cornea, NOS"	"Maps to"	"4102766"	"28726007"	"Corneal structure"	
"C69.2"	"Retina"	"Maps to"	"4208981"	"5665001"	"Retinal structure"	
"C69.3"	"Choroid"	"Maps to"	"4287575"	"68703001"	"Choroidal structure "	
"C69.4"	"Ciliary body"	"Maps to"	"4105476"	"29534007"	"Ciliary body structure"	
"C69.5"	"Lacrimal gland"	"Maps to"	"4028662"	"13561001"	"Lacrimal gland structure"	
"C69.6"	"Orbit, NOS"	"Maps to"	"4179706"	"363654007"	"Structure of orbit proper"	
"C69.8"	"Overlapping lesion of eye and adnexa"	"Is a"	"4159886"	"371398005"	"Eye region structure "	
"C69.9"	"Eye, NOS"	"Maps to"	"4305329"	"81745001"	"Eye structure"	
"C70"	"MENINGES"	"Maps to"	"4048507"	"1231004"	"Meninges structure "	
"C70.0"	"Cerebral meninges"	"Maps to"	"4231110"	"8935007"	"Cerebral meninges structure"	
"C70.1"	"Spinal meninges"	"Maps to"	"4294663"	"75559006"	"Spinal cord meninges structure"	
"C70.9"	"Meninges, NOS"	"Maps to"	"4048507"	"1231004"	"Meninges structure"	
"C71"	"BRAIN"	"Maps to"	"4133034"	"12738006"	"Brain structure"	
"C71.0"	"Cerebrum"	"Maps to"	"4308580"	"83678007"	"Cerebral structure"	
"C71.1"	"Frontal lobe"	"Maps to"	"4307223"	"83251001"	"Frontal lobe structure"	
"C71.2"	"Temporal lobe"	"Maps to"	"4302313"	"78277001"	"Temporal lobe structure"	
"C71.3"	"Parietal lobe"	"Maps to"	"4042920"	"16630005"	"Parietal lobe structure"	
"C71.4"	"Occipital lobe"	"Maps to"	"4150041"	"31065004"	"Occipital lobe structure"	
"C71.5"	"Ventricle, NOS"	"Maps to"	"4261981"	"35764002"	"Brain ventricle structure"	
"C71.6"	"Cerebellum, NOS"	"Maps to"	"4034048"	"113305005"	"Cerebellar structure"	
"C71.7"	"Brain stem"	"Maps to"	"4049603"	"15926001"	"Brainstem structure"	
"C71.8"	"Overlapping lesion of brain"	"Is a"	"4133034"	"12738006"	"Brain structure"	
"C71.9"	"Brain, NOS"	"Maps to"	"4133034"	"12738006"	"Brain structure"	
"C72"	"SPINAL CORD, CRANIAL NERVES, AND OTHER PARTS OF CENTRAL NERVOUS SYSTEM"	"Is a"	"4063669"	"21483005"	"Structure of central nervous system"	
"C72.0"	"Spinal cord"	"Maps to"	"4099912"	"2748008"	"Spinal cord structure"	
"C72.1"	"Cauda equina"	"Maps to"	"4216565"	"7173007"	"Cauda equina structure"	
"C72.2"	"Olfactory nerve"	"Maps to"	"4019908"	"11522000"	"Olfactory nerve structure"	
"C72.3"	"Optic nerve"	"Maps to"	"4080374"	"18234004"	"Optic nerve structure"	
"C72.4"	"Acoustic nerve"	"Maps to"	"4312223"	"8598002"	"Vestibulocochlear nerve structure"	
"C72.5"	"Cranial nerve, NOS"	"Maps to"	"4098198"	"25238003"	"Cranial nerve structure"	
"C72.8"	"Overlapping lesion of brain and central nervous system"	"Is a"	"4063669"	"21483005"	"Structure of central nervous system"	
"C72.9"	"Nervous system, NOS"	"Maps to"	"4096246"	"25087005"	"Structure of nervous system"	
"C73"	"THYROID GLAND"	"Maps to"	"4321375"	"69748006"	"Thyroid structure"	
"C73.9"	"Thyroid gland"	"Maps to"	"4321375"	"69748006"	"Thyroid structure"	
"C74"	"ADRENAL GLAND"	"Maps to"	"4051774"	"23451007"	"Adrenal structure "	
"C74.0"	"Cortex of adrenal gland"	"Maps to"	"4288477"	"68594002"	"Adrenal cortex structure"	
"C74.1"	"Medulla of adrenal gland"	"Maps to"	"4242540"	"38254008"	"Adrenal medulla structure"	
"C74.9"	"Adrenal gland, NOS"	"Maps to"	"4051774"	"23451007"	"Adrenal structure"	
"C75"	"OTHER ENDOCRINE GLANDS AND RELATED STRUCTURES"	"Maps to"	"4034504"	"113331007"	"Structure of endocrine system"	
"C75.0"	"Parathyroid gland"	"Maps to"	"4006785"	"111002"	"Parathyroid structure"	
"C75.1"	"Pituitary gland"	"Maps to"	"4209428"	"56329008"	"Pituitary structure"	
"C75.2"	"Craniopharyngeal duct"	"Maps to"	"4313718"	"86394004"	"Structure of craniopharyngeal duct"	
"C75.3"	"Pineal gland"	"Maps to"	"4164136"	"45793000"	"Pineal structure"	
"C75.4"	"Carotid body"	"Maps to"	"4197418"	"51345006"	"Carotid body structure"	
"C75.5"	"Aortic body and other paraganglia"	"Is a"	"4144244"	"33805007"	"Paraganglia structure"	
"C75.5"	"Aortic body and other paraganglia"	"Is a"	"4327482"	"75061007"	"Aortic body"	
"C75.8"	"Overlapping lesion of endocrine glands and related structures"	"Is a"	"4034504"	"113331007"	"Structure of endocrine system"	
"C75.9"	"Endocrine gland, NOS"	"Maps to"	"4302834"	"387910009"	"Endocrine gland structure "	
"C76"	"OTHER AND ILL-DEFINED SITES"	"Is a"	"4048384"	"123037004"	"Body structure"	
"C76.0"	"Head, face or neck, NOS"	"Maps to"	"4300167"	"774007"	"Head and neck structure "	
"C76.1"	"Thorax, NOS"	"Maps to"	"4199473"	"51185008"	"Thoracic structure"	
"C76.2"	"Abdomen, NOS"	"Maps to"	"4034054"	"113345001"	"Abdominal structure"	
"C76.3"	"Pelvis, NOS"	"Maps to"	"4044034"	"12921003"	"Pelvic structure"	
"C76.4"	"Upper limb, NOS"	"Maps to"	"4200396"	"53120007"	"Upper limb structure"	
"C76.5"	"Lower limb, NOS"	"Maps to"	"4267861"	"61685007"	"Lower limb structure"	
"C77"	"LYMPH NODES"	"Maps to"	"4241958"	"59441001"	"Structure of lymph node "	
"C77.0"	"Lymph nodes of head, face and neck"	"Maps to"	"4208946"	"312501005"	"Structure of lymph node of head and neck"	
"C77.1"	"Intrathoracic lymph nodes"	"Maps to"	"4187362"	"47109002"	"Structure of lymph node of thorax"	
"C77.2"	"Intra-abdominal lymph nodes"	"Maps to"	"4311798"	"8568009"	"Abdominal lymph node structure"	
"C77.3"	"Lymph nodes of axilla or arm"	"Is a"	"4264507"	"44914007"	"Upper limb lymph node structure"	
"C77.4"	"Lymph nodes of inguinal region or leg"	"Is a"	"4174212"	"4942000"	"Lower limb lymph node structure"	
"C77.5"	"Pelvic lymph nodes"	"Maps to"	"4081786"	"245294005"	"Pelvic lymph node group"	
"C77.8"	"Lymph nodes of multiple regions"	"Maps to"	"4193443"	"312500006"	"Regional lymph node structure"	
"C77.9"	"Lymph node, NOS"	"Maps to"	"4241958"	"59441001"	"Structure of lymph node"	
"C00"	"LIP"	"Maps to"	"4168155"	"48477009"	"Lip structure"	
"C00.0"	"External upper lip"	"Maps to"	"4134589"	"128250007"	"Structure of vermilion border of upper lip"	
"C00.1"	"External lower lip"	"Maps to"	"4027546"	"128251006"	"Structure of vermilion border of lower lip"	
"C00.2"	"External lip, NOS"	"Maps to"	"4027545"	"128249007"	"Structure of vermilion border of lip"	
"C00.3"	"Mucosa of upper lip"	"Maps to"	"4086480"	"18444004"	"Structure of mucous membrane of upper lip"	
"C00.4"	"Mucosa of lower lip"	"Maps to"	"4187931"	"46353006"	"Structure of mucous membrane of lower lip"	
"C00.5"	"Mucosa of lip, NOS"	"Maps to"	"4245168"	"59641005"	"Structure of mucous membrane of lip"	
"C00.6"	"Commissure of lip"	"Maps to"	"4307358"	"83299001"	"Commissure of lips "	
"C00.8"	"Overlapping lesion of lip"	"Is a"	"4168155"	"48477009"	"Lip structure"	
"C00.9"	"Lip, NOS"	"Maps to"	"4168155"	"48477009"	"Lip structure"	
"C01"	"BASE OF TONGUE"	"Maps to"	"4169910"	"47975008"	"Structure of root of tongue"	
"C01.9"	"Base of tongue, NOS"	"Maps to"	"4169910"	"47975008"	"Structure of root of tongue"	
"C02"	"OTHER AND UNSPECIFIED PARTS OF TONGUE"	"Maps to"	"4001206"	"119207006"	"Tongue part"	
"C02.0"	"Dorsal surface of tongue, NOS"	"Maps to"	4284551	66938003	"Structure of dorsum of tongue"	
"C02.1"	"Border of tongue"	"Maps to"	"4077986"	"24649007"	"Structure of border of tongue"	
"C02.2"	"Ventral surface of tongue, NOS"	"Maps to"	"4172794"	"422005"	"Structure of inferior surface of tongue"	
"C02.3"	"Anterior 2/3 of tongue, NOS"	"Maps to"	"4247638"	"61344008"	"Structure of body of tongue"	
"C02.4"	"Lingual tonsil"	"Maps to"	"4068841"	"2048000"	"Lingual tonsil structure"	
"C02.8"	"Overlapping lesion of tongue"	"Is a"	"4071678"	"21974007"	"Tongue structure"	
"C02.9"	"Tongue, NOS"	"Maps to"	"4071678"	"21974007"	"Tongue structure"	
"C03"	"GUM"	"Maps to"	"4034272"	"113279002"	"Gingival structure "	
"C03.0"	"Upper gum"	"Maps to"	"4047029"	"23114008"	"Structure of gum of maxilla"	
"C03.1"	"Lower gum"	"Maps to"	"4210919"	"57131003"	"Structure of gum of mandible"	
"C03.9"	"Gum, NOS"	"Maps to"	"4034272"	"113279002"	"Gingival structure"	
"C04"	"FLOOR OF MOUTH"	"Maps to"	"4267224"	"36360002"	"Floor of mouth structure "	
"C04.0"	"Anterior floor of mouth"	"Maps to"	"4181419"	"52131005"	"Structure of anterior floor of mouth"	
"C04.1"	"Lateral floor of mouth"	"Maps to"	"4103066"	"28803009"	"Structure of lateral floor of mouth"	
"C04.8"	"Overlapping lesion of floor of mouth"	"Is a"	"4267224"	"36360002"	"Floor of mouth structure "	
"C04.9"	"Floor of mouth, NOS"	"Maps to"	"4267224"	"36360002"	"Floor of mouth structure"	
"C05"	"PALATE"	"Maps to"	"4249459"	"72914001"	"Palatal structure "	
"C05.0"	"Hard palate"	"Maps to"	"4234542"	"90228003"	"Hard palate structure"	
"C05.1"	"Soft palate, NOS"	"Maps to"	"4177005"	"49460000"	"Soft palate structure"	
"C05.2"	"Uvula"	"Maps to"	"4095284"	"26140008"	"Uvula palatina structure"	
"C05.8"	"Overlapping lesion of palate"	"Is a"	"4249459"	"72914001"	"Palatal structure "	
"C05.9"	"Palate, NOS"	"Maps to"	"4249459"	"72914001"	"Palatal structure"	
"C06"	"OTHER AND UNSPECIFIED PARTS OF MOUTH"	"Maps to"	"4132883"	"127945006"	"Mouth region part "	"1"
"C06"	"OTHER AND UNSPECIFIED PARTS OF MOUTH"	"Maps to"	"4047651"	"123851003"	"Mouth region structure"	"2"
"C06.0"	"Cheek mucosa"	"Maps to"	"4057160"	"16811007"	"Buccal mucosa"	
"C06.1"	"Vestibule of mouth"	"Maps to"	"4144069"	"34810001"	"Structure of vestibule of mouth"	
"C06.2"	"Retromolar area"	"Maps to"	"4312102"	"85816001"	"Structure of retromolar area of mouth"	
"C06.9"	"Mouth, NOS"	"Maps to"	"4047651"	"123851003"	"Mouth region structure"	
"C07"	"PAROTID GLAND"	"Maps to"	"4166063"	"45289007"	"Parotid gland structure"	
"C07.9"	"Parotid gland"	"Maps to"	"4166063"	"45289007"	"Parotid gland structure"	
"C08"	"OTHER AND UNSPECIFIED MAJOR SALIVARY GLANDS"	"Maps to"	"4002730"	"119282003"	"Major salivary gland structure"	
"C08.0"	"Submandibular gland"	"Maps to"	"4299196"	"385296007"	"Submandibular salivary gland structure"	
"C08.1"	"Sublingual gland"	"Maps to"	"4229131"	"88481005"	"Sublingual gland structure"	
"C08.8"	"Overlapping lesion of major salivary glands"	"Is a"	"4002730"	"119282003"	"Major salivary gland structure"	
"C08.9"	"Major salivary gland, NOS"	"Maps to"	"4002730"	"119282003"	"Major salivary gland structure"	
"C09"	"TONSIL"	"Maps to"	"4327174"	"75573002"	"Tonsillar structure "	
"C09.0"	"Tonsillar fossa"	"Maps to"	"4138234"	"32163006"	"Tonsillar fossa structure"	
"C09.1"	"Tonsillar pillar"	"Maps to"	"4065073"	"21294006"	"Palatine arch structure"	
"C09.8"	"Overlapping lesion of tonsil"	"Is a"	"4327174"	"75573002"	"Tonsillar structure "	
"C09.9"	"Tonsil, NOS"	"Maps to"	"4327174"	"75573002"	"Tonsillar structure"	
"C10"	"OROPHARYNX"	"Maps to"	"4151149"	"31389004"	"Oropharyngeal structure "	
"C10.0"	"Vallecula"	"Maps to"	"4173123"	"42275007"	"Structure of vallecula of epiglottis"	
"C10.1"	"Anterior surface of epiglottis"	"Maps to"	"4283238"	"67298002"	"Structure of anterior surface of epiglottis"	
"C10.2"	"Lateral wall of oropharynx"	"Maps to"	"4078066"	"19120004"	"Structure of lateral wall of oropharynx"	
"C10.3"	"Posterior wall of oropharynx"	"Maps to"	"4045435"	"12999009"	"Structure of posterior wall of oropharynx"	
"C10.4"	"Branchial cleft"	"Maps to"	"4235649"	"360382006"	"Embryonic branchial cleft"	"1"
"C10.4"	"Branchial cleft"	"Maps to"	"4286785"	"68959004"	"Branchial arch structure"	"2"
"C10.8"	"Overlapping lesion of oropharynx"	"Is a"	"4151149"	"31389004"	"Oropharyngeal structure "	
"C10.9"	"Oropharynx, NOS"	"Maps to"	"4151149"	"31389004"	"Oropharyngeal structure"	
"C11"	"NASOPHARYNX"	"Maps to"	"4216712"	"71836000"	"Nasopharyngeal structure"	
"C11.0"	"Superior wall of nasopharynx"	"Maps to"	"4068978"	"20409001"	"Structure of superior wall of nasopharynx"	
"C11.1"	"Posterior wall of nasopharynx"	"Maps to"	"4146741"	"30157008"	"Structure of posterior wall of nasopharynx"	
"C11.2"	"Lateral wall of nasopharynx"	"Maps to"	"4323979"	"70988003"	"Structure of lateral wall of nasopharynx"	
"C80"	"UNKNOWN PRIMARY SITE"	"Maps to"	"-1"	"-1"	"any site"	
"C06.8"	"Overlapping lesion of other and unspecified parts of mouth"	"Is a"	"4132883"	"127945006"	"Mouth region part "	"1"
"C11.3"	"Anterior wall of nasopharynx"	"Maps to"	"4220236"	"82521001"	"Structure of anterior wall of nasopharynx"	
"C11.8"	"Overlapping lesion of nasopharynx"	"Is a"	"4216712"	"71836000"	"Nasopharyngeal structure"	
"C11.9"	"Nasopharynx, NOS"	"Maps to"	"4216712"	"71836000"	"Nasopharyngeal structure"	
"C12"	"PYRIFORM SINUS"	"Maps to"	"4268741"	"6217003"	"Structure of piriform recess"	
"C12.9"	"Pyriform sinus"	"Maps to"	"4268741"	"6217003"	"Structure of piriform recess"	
"C13"	"HYPOPHARYNX"	"Maps to"	"4218592"	"81502006"	"Hypopharyngeal structure"	
"C13.0"	"Postcricoid region"	"Maps to"	"4147741"	"35806005"	"Structure of postcricoid region"	
"C13.1"	"Hypopharyngeal aspect of aryepiglottic fold"	"Maps to"	"4262980"	"36088004"	"Structure of hypopharyngeal aspect of aryepiglottic fold"	
"C13.2"	"Posterior wall of hypopharynx"	"Maps to"	"4102600"	"28567000"	"Structure of posterior wall of hypopharynx"	
"C13.8"	"Overlapping lesion of hypopharynx"	"Is a"	"4218592"	"81502006"	"Hypopharyngeal structure"	
"C13.9"	"Hypopharynx, NOS"	"Maps to"	"4218592"	"81502006"	"Hypopharyngeal structure"	
"C14"	"OTHER AND ILL-DEFINED SITES IN LIP, ORAL CAVITY AND PHARYNX"	"Is a"	"4193450"	"312533001"	"Mouth and/or pharynx structures "	
"C14.0"	"Pharynx, NOS"	"Maps to"	"4207370"	"54066008"	"Pharyngeal structure"	
"C14.2"	"Waldeyer ring"	"Maps to"	"4076031"	"17861009"	"Waldeyer's ring structure "	
"C14.8"	"Overlapping lesion of lip, oral cavity and pharynx"	"Is a"	"4193450"	"312533001"	"Mouth and/or pharynx structures "	
"C15"	"ESOPHAGUS"	"Maps to"	"4140098"	"32849002"	"Esophageal structure "	
"C15.0"	"Cervical esophagus"	"Maps to"	"4244559"	"60075002"	"Cervical esophagus structure"	
"C15.1"	"Thoracic esophagus"	"Maps to"	"4245159"	"59609004"	"Thoracic esophagus structure"	
"C15.2"	"Abdominal esophagus"	"Maps to"	"4264641"	"60865004"	"Abdominal esophagus structure"	
"C15.3"	"Upper third of esophagus"	"Maps to"	"4183397"	"54738009"	"Structure of upper third of esophagus"	
"C15.4"	"Middle third of esophagus"	"Maps to"	"4077602"	"19000002"	"Structure of middle third of esophagus"	
"C15.5"	"Lower third of esophagus"	"Maps to"	"4281852"	"67173009"	"Structure of lower third of esophagus"	
"C15.8"	"Overlapping lesion of esophagus"	"Is a"	"4140098"	"32849002"	"Esophageal structure "	
"C15.9"	"Esophagus, NOS"	"Maps to"	"4140098"	"32849002"	"Esophageal structure"	
"C16"	"STOMACH"	"Maps to"	"4288283"	"69695003"	"Stomach structure "	
"C16.0"	"Cardia, NOS"	"Maps to"	"4268313"	"62898002"	"Cardia structure"	
"C16.1"	"Fundus of stomach"	"Maps to"	"4185453"	"414003"	"Gastric fundus structure"	
"C16.2"	"Body of stomach"	"Maps to"	"4286028"	"68560004"	"Gastric corpus structure"	
"C16.3"	"Gastric antrum"	"Maps to"	"4281229"	"66051006"	"Pyloric antrum structure"	
"C16.4"	"Pylorus"	"Maps to"	"4090133"	"280119005"	"Pyloric structure of stomach"	
"C16.5"	"Lesser curvature of stomach, NOS"	"Maps to"	"4198063"	"80085006"	"Structure of lesser curvature of stomach"	
"C16.6"	"Greater curvature of stomach, NOS"	"Maps to"	"4232156"	"89382009"	"Structure of greater curvature of stomach"	
"C16.8"	"Overlapping lesion of stomach"	"Is a"	"4288283"	"69695003"	"Stomach structure "	
"C16.9"	"Stomach, NOS"	"Maps to"	"4288283"	"69695003"	"Stomach structure"	
"C17"	"SMALL INTESTINE"	"Maps to"	"4146765"	"30315005"	"Small intestinal structure"	
"C17.0"	"Duodenum"	"Maps to"	"4302112"	"38848004"	"Duodenal structure"	
"C17.1"	"Jejunum"	"Maps to"	"4065077"	"21306003"	"Jejunal structure"	
"C17.2"	"Ileum"	"Maps to"	"4144672"	"34516001"	"Ileal structure"	
"C17.3"	"Meckel diverticulum"	"Maps to"	"4133967"	"127962001"	"Meckel's diverticulum"	
"C17.8"	"Overlapping lesion of smallintestine"	"Is a"	"4146765"	"30315005"	"Small intestinal structure"	
"C17.9"	"Small intestine, NOS"	"Maps to"	"4146765"	"30315005"	"Small intestinal structure"	
"C18"	"COLON"	"Maps to"	"4215634"	"71854001"	"Colon structure"	
"C18.0"	"Cecum"	"Maps to"	"4139602"	"32713005"	"Cecum structure"	
"C18.1"	"Appendix"	"Maps to"	"4283683"	"66754008"	"Appendix structure"	
"C18.2"	"Ascending colon"	"Maps to"	"4234702"	"9040008"	"Ascending colon structure"	
"C18.3"	"Hepatic flexure of colon"	"Maps to"	"4168005"	"48338005"	"Structure of right colic flexure"	
"C18.4"	"Transverse colon"	"Maps to"	"4171827"	"485005"	"Transverse colon structure"	
"C18.5"	"Splenic flexure of colon"	"Maps to"	"4217667"	"72592005"	"Structure of left colic flexure"	
"C18.6"	"Descending colon"	"Maps to"	"4139456"	"32622004"	"Descending colon structure"	
"C18.7"	"Sigmoid colon"	"Maps to"	"4244588"	"60184004"	"Sigmoid colon structure"	
"C18.8"	"Overlapping lesion of colon"	"Is a"	"4215634"	"71854001"	"Colon structure"	
"C18.9"	"Colon, NOS"	"Maps to"	"4215634"	"71854001"	"Colon structure"	
"C19"	"RECTOSIGMOID JUNCTION"	"Maps to"	"4177950"	"49832006"	"Structure of rectosigmoid junction"	
"C19.9"	"Rectosigmoid junction"	"Maps to"	"4177950"	"49832006"	"Structure of rectosigmoid junction"	
"C20"	"RECTUM"	"Maps to"	"4144541"	"34402009"	"Rectum structure"	
"C20.9"	"Rectum, NOS"	"Maps to"	"4144541"	"34402009"	"Rectum structure"	
"C21"	"ANUS AND ANAL CANAL"	"Is a"	"4202233"	"53505006"	"Anal structure"	
"C21.0"	"Anus, NOS"	"Maps to"	"4202233"	"53505006"	"Anal structure"	
"C21.1"	"Anal canal"	"Maps to"	"4145453"	"34381000"	"Anal canal structure"	
"C21.2"	"Cloacogenic zone"	"Maps to"	"4139811"	"263711007"	"Cloacogenic zone "	
"C21.8"	"Overlapping lesion of rectum, anus and anal canal"	"Is a"	"4090008"	"281088000"	"Anorectal structure"	
"C22"	"LIVER AND INTRAHEPATIC BILE DUCTS"	"Maps to"	"4117423"	"303270005"	"Liver and/or biliary structure"	
"C22.0"	"Liver"	"Maps to"	"4009105"	"10200004"	"Liver structure"	
"C22.1"	"Intrahepatic bile duct"	"Maps to"	"4234107"	"90140006"	"Intrahepatic biliary tract structure"	
"C23"	"GALLBLADDER"	"Maps to"	"4151384"	"28231008"	"Gallbladder structure"	
"C23.9"	"Gallbladder"	"Maps to"	"4151384"	"28231008"	"Gallbladder structure"	
"C24"	"OTHER AND UNSPECIFIED PARTS OF BILIARY TRACT"	"Maps to"	"4146820"	"34707002"	"Biliary tract structure "	
"C24.0"	"Extrahepatic bile duct"	"Maps to"	"4051422"	"16014003"	"Extrahepatic duct structure"	
"C24.1"	"Ampulla of Vater"	"Maps to"	"4283974"	"67109009"	"Structure of ampulla of Vater"	
"C24.9"	"Biliary tract, NOS"	"Maps to"	"4146820"	"34707002"	"Biliary tract structure"	
"C25"	"PANCREAS"	"Maps to"	"4049768"	"15776009"	"Pancreatic structure "	
"C25.0"	"Head of pancreas"	"Maps to"	"4275124"	"64163001"	"Structure of head of pancreas"	
"C25.1"	"Body of pancreas"	"Maps to"	"4223040"	"40133006"	"Structure of body of pancreas"	
"C25.2"	"Tail of pancreas"	"Maps to"	"4248267"	"73239005"	"Structure of tail of pancreas"	
"C25.3"	"Pancreatic duct"	"Maps to"	"4289618"	"69930009"	"Pancreatic duct structure"	
"C25.4"	"Islets of Langerhans"	"Maps to"	"4301372"	"78696007"	"Endocrine pancreatic structure"	
"C25.7"	"Other specified parts of pancreas"	"Maps to"	"4001209"	"119218006"	"Pancreas part "	"1"
"C25.7"	"Other specified parts of pancreas"	"Maps to"	"4049768"	"15776009"	"Pancreatic structure "	"2"
"C25.8"	"Overlapping lesion of pancreas"	"Is a"	"4049768"	"15776009"	"Pancreatic structure "	
"C25.9"	"Pancreas, NOS"	"Maps to"	"4049768"	"15776009"	"Pancreatic structure"	
"C26"	"OTHER AND ILL-DEFINED DIGESTIVE ORGANS"	"Maps to"	"4172281"	"49596003"	"Digestive organ structure"	"1"
"C26"	"OTHER AND ILL-DEFINED DIGESTIVE ORGANS"	"Maps to"	"4314892"	"86762007"	"Structure of digestive system"	"2"
"C26.0"	"Intestinal tract, NOS"	"Maps to"	"4034270"	"113276009"	"Intestinal structure"	
"C26.8"	"Overlapping lesion of digestive system"	"Is a"	"4314892"	"86762007"	"Structure of digestive system"	
"C26.9"	"Gastrointestinal tract, NOS"	"Maps to"	"4046957"	"122865005"	"Gastrointestinal tract structure"	
"C30"	"NASAL CAVITY AND MIDDLE EAR"	"Is a"	"4295650"	"385383008"	"Ear, nose and throat structure"	
"C30.0"	"Nasal cavity"	"Maps to"	"4088327"	"279549004"	"Nasal cavity structure"	
"C30.1"	"Middle ear"	"Maps to"	"4100253"	"25342003"	"Middle ear structure"	
"C31"	"ACCESSORY SINUSES"	"Maps to"	"4051578"	"2095001"	"Nasal sinus structure "	
"C31.0"	"Maxillary sinus"	"Maps to"	"4050631"	"15924003"	"Maxillary sinus structure"	
"C31.1"	"Ethmoid sinus"	"Maps to"	"4182234"	"54215007"	"Ethmoid sinus structure"	
"C31.2"	"Frontal sinus"	"Maps to"	"4204534"	"55060009"	"Frontal sinus structure"	
"C31.3"	"Sphenoid sinus"	"Maps to"	"4097172"	"24999009"	"Sphenoid sinus structure"	
"C31.8"	"Overlapping lesion of accessory sinuses"	"Is a"	"4088327"	"279549004"	"Nasal cavity structure"	
"C31.9"	"Accessory sinus, NOS"	"Maps to"	"4051578"	"2095001"	"Nasal sinus structure"	
"C32"	"LARYNX"	"Maps to"	"4262229"	"4596009"	"Laryngeal structure "	
"C32.0"	"Glottis"	"Maps to"	"4047227"	"1307006"	"Glottis structure"	
"C32.1"	"Supraglottis"	"Maps to"	"4001049"	"119255006"	"Supraglottis structure "	
"C32.2"	"Subglottis"	"Maps to"	"4002724"	"119254005"	"Subglottis structure "	
"C32.3"	"Laryngeal cartilage"	"Maps to"	"4279711"	"36847003"	"Laryngeal cartilage structure"	
"C32.8"	"Overlapping lesion of larynx"	"Is a"	"4262229"	"4596009"	"Laryngeal structure "	
"C32.9"	"Larynx, NOS"	"Maps to"	"4262229"	"4596009"	"Laryngeal structure"	
"C33"	"TRACHEA"	"Maps to"	"4195956"	"44567001"	"Tracheal structure"	
"C33.9"	"Trachea"	"Maps to"	"4195956"	"44567001"	"Tracheal structure"	
"C34"	"BRONCHUS AND LUNG"	"Is a"	"4218410"	"82094008"	"Lower respiratory tract structure"	
"C34.0"	"Main bronchus"	"Maps to"	"4008013"	"102297006"	"Main bronchus structure"	
"C34.1"	"Upper lobe, lung"	"Maps to"	"4167002"	"45653009"	"Structure of upper lobe of lung"	
"C34.2"	"Middle lobe, lung"	"Maps to"	"4221978"	"40020002"	"Structure of middle lobe of lung"	
"C34.3"	"Lower lobe, lung"	"Maps to"	"4235763"	"90572001"	"Structure of lower lobe of lung "	
"C34.8"	"Overlapping lesion of lung"	"Is a"	"4213162"	"39607008"	"Lung structure"	
"C34.9"	"Lung, NOS"	"Maps to"	"4213162"	"39607008"	"Lung structure"	
"C37"	"THYMUS"	"Maps to"	"4321259"	"9875009"	"Thymus gland structure"	
"C37.9"	"Thymus"	"Maps to"	"4321259"	"9875009"	"Thymus gland structure"	
"C38"	"HEART, MEDIASTINUM, AND PLEURA"	"Is a"	"44782532"	"699593001"	"Structure of compartment of thorax"	
"C38.0"	"Heart"	"Maps to"	"4217142"	"80891009"	"Heart structure"	
"C38.1"	"Anterior mediastinum"	"Maps to"	"4295128"	"76386002"	"Structure of anterior mediastinum"	
"C38.2"	"Posterior mediastinum"	"Maps to"	"4099302"	"27291007"	"Structure of posterior mediastinum"	
"C38.3"	"Mediastinum, NOS"	"Maps to"	"4216544"	"72410000"	"Mediastinal structure"	
"C24.8"	"Overlapping lesion of biliary tract"	"Is a"	"4146820"	"34707002"	"Biliary tract structure "	
"C80.9"	"Unknown primary site"	"Maps to"	"-1"	"-1"	"any site"	
"C42.0"	"Blood"	"Maps to"	"4226865"	"87612001"	"Blood"	"7"
"C76.8"	"Overlapping lesion of ill-defined sites"	"Is a"	"-1"	"-1"	"any site"	
"C76.7"	"Other ill-defined sites"	"Is a"	"-1"	"-1"	"any site"	
"C42.0"	"Blood"	"Maps to"	"4029619"	"14016003"	"Bone marrow structure"	"1"
"C42.0"	"Blood"	"Maps to"	"4133453"	"127908000"	"Mononuclear phagocyte system structure"	"5"
"C42.0"	"Blood"	"Maps to"	"4021240"	"116003000"	"Structure of immune system"	"4"
"C42.0"	"Blood"	"Maps to"	"4210988"	"57171008"	"Haematopoietic system structure"	"3"
"C42.0"	"Blood"	"Maps to"	"-1"	"-1"	"any site"	"2"
"C41.9"	"Bone, NOS"	"Maps to"	"4154333"	"272673000"	"Bone structure"	"2"
"C42.3"	"Reticuloendothelial system,NOS"	"Maps to"	"4239280"	"362588004"	"Entire reticuloendothelial system"	
"C06.8"	"Overlapping lesion of other and unspecified parts of mouth"	"Is a"	"4047651"	"123851003"	"Mouth region structure"	"2"
