mol_name	concept_id	concept_name	vocabulary_id	precedence
ABACAVIR	1736971	abacavir	RxNorm	
ABATACEPT	1186087	abatacept	RxNorm	
ACAMPROSATE	19043959	acamprosate	RxNorm	
ACARBOSE	1529331	Acarbose	RxNorm	
ACEBUTOLOL	1319998	Acebutolol	RxNorm	
ACEBUTOLOL AND THIAZIDES				
ACECLIDINE	40798594	Aceclidine	RxNorm Extension	
ACECLOFENAC	19029393	aceclofenac	RxNorm	
ACENOCOUMAROL	19024063	Acenocoumarol	RxNorm	
ACETAZOLAMIDE	929435	Acetazolamide	RxNorm	
ACETORPHAN	19018403	racecadotril		
ACETYLCYSTEINE	1139042	Acetylcysteine	RxNorm	
ACETYLDIHYDROCODEINE				
ACETYLSALICYLIC ACID	1112807	Aspirin	RxNorm	
ACETYLSALICYLIC ACID, COMBINATIONS EXCL. PSYCHOLEPTICS				
ACICLOVIR	1703687	Acyclovir	RxNorm	
ACICLOVIR, COMBINATIONS				
ACIDE ASCORBIQUE/BIOTINE/CALCIUM CARBONATE				
ACIDE ASCORBIQUE/BIOTINE/COCARBOXYLASE				
ACIDE ASCORBIQUE/BIOTINE/CYANOCOBALAMINE				
ACIDE ASCORBIQUE/BIOTINE/DEXPANTHENOL				
ACIDE ASCORBIQUE/L-PHENYLALANINE/L-LEUCINE				
ACIDE BORIQUE	929698	boric acid		
ACIDE CITRIQUE/CITRATE DE POTASSIUM/CITRATE				
ACIDE FLUFENAMIQUE/SALICYLATE DE GLYCOL/HEPARINOIDE				
ACIDE FOLIQUE/CYANOCOBALAMINE/PYRIDOXINE				
ACIDE SALICYLIQUE	964407	Salicylic Acid		
ACIDE SALICYLIQUE/ACIDE ACETIQUE/CHELIDOINE				
ACIPIMOX	19029644	acipimox	RxNorm	
ACITRETIN	929638	Acitretin	RxNorm	
ACLIDINIUM BROMIDE	42873639	aclidinium	RxNorm	
ADALIMUMAB	1119119	adalimumab	RxNorm	
ADAPALENE	981774	adapalene	RxNorm	
ADAPALENE, COMBINATIONS				
ADEFOVIR DIPIVOXIL	1729323	 adefovir		
ADENOSINE	1309204	Adenosine	RxNorm	
AESCINE	19048012	Escin		
AESCINE/SALICYLATE				
AGOMELATINE	36878783	Agomelatine	RxNorm Extension	
ALBIGLUTIDE	44816332	albiglutide	RxNorm	
ALBUMIN	1344143	Albumin Human, USP		
ALBUMIN TANNATE, COMBINATIONS				
ALENDRONIC ACID	1557272	Alendronate		
ALENDRONIC ACID AND COLECALCIFEROL				
ALENDRONIC ACID, CALCIUM AND COLECALCIFEROL, SEQUENTIAL				
ALFACALCIDOL	19014202	Alfacalcidol	RxNorm	
ALFUZOSIN	930021	alfuzosin	RxNorm	
ALGINIC ACID	19030059	alginic acid	RxNorm	
ALIMEMAZINE	36878710	Alimemazine	RxNorm Extension	
ALIROCUMAB	46275447	alirocumab	RxNorm	
ALISKIREN	1317967	aliskiren	RxNorm	
ALISKIREN AND HYDROCHLOROTHIAZIDE				
ALIZAPRIDE	19030087	alizapride	RxNorm	
ALLOPURINOL	1167322	Allopurinol	RxNorm	
ALLOPURINOL, COMBINATIONS				
ALMAGATE/LIDOCAINE/MAGNESIUM HYDROXYDE				
ALMITRINE	19113052	Almitrine	RxNorm	
ALMOTRIPTAN	1103552	almotriptan	RxNorm	
ALOGLIPTIN	43013884	alogliptin	RxNorm	
ALPRAZOLAM	781039	Alprazolam	RxNorm	
ALPRENOLOL	19081284	Alprenolol	RxNorm	
ALPROSTADIL	1381504	Alprostadil	RxNorm	
ALTEPLASE	1347450	alteplase	RxNorm	
ALTIZIDE AND POTASSIUM-SPARING AGENTS				
ALUMINIUM AMINOACETATE/CALCIUM CARBONATE/MAGNESIUM TRISILICATE				
ALUMINIUM PHOSPHATE	19030675	aluminum phosphate	RxNorm	
ALVERINE	19030751	alverine	RxNorm	
ALVERINE	40799087	Salverine	RxNorm Extension	
ALVERINE, COMBINATIONS				
AMANTADINE	19087090	Amantadine	RxNorm	
AMBROXOL	19088167	Ambroxol	RxNorm	
AMCINONIDE	930747	amcinonide	RxNorm	
AMEZINIUM METILSULFATE	19030847	amezinium		
AMFEPRAMONE	40798618	Amfepramone	RxNorm Extension	
AMIKACIN	1790868	Amikacin	RxNorm	
AMINO ACIDS	0			
AMINOGLUTHETIMIDE	1503057	Aminoglutethimide		
AMINOPHYLLINE	1105775	Aminophylline	RxNorm	
AMIODARONE	1309944	Amiodarone	RxNorm	
AMISULPRIDE	19057607	Amisulpride	RxNorm	
AMITRIPTYLINE	710062	Amitriptyline	RxNorm	
AMLODIPINE	1332418	Amlodipine	RxNorm	
AMLODIPINE BESILATE MYLAN	1332418	Amlodipine		
AMMONIUM/SERPOLET/THYM				
AMOROLFINE	19032619	Amorolfine	RxNorm	
AMOXICILLIN	1713332	Amoxicillin	RxNorm	
AMOXICILLIN AND ENZYME INHIBITOR				
AMPHOTERICIN B	1717240	Amphotericin B	RxNorm	
AMPICILLIN	1717327	Ampicillin	RxNorm	
AMYLOCAINE/BISMUTH OXYIODIDEGALLATE/BISMUTH SOUS-GALLATE				
ANAGRELIDE	1381253	anagrelide	RxNorm	
ANASTROZOLE	1348265	anastrozole	RxNorm	
ANDROSTANOLONE	1636780	Testosterone		
ANETHOLE TRITHIONE	19041226	Anethole Trithione	RxNorm	
ANGELIQUE/CITRON/CANNELLE				
ANTI-D (RH) IMMUNOGLOBULIN	36878861	Human Immunoglobulin Anti-D	RxNorm	
ANTIINFECTIVES, COMBINATIONS				
ANTILYMPHOCYTE IMMUNOGLOBULIN (HORSE)	19136041	Antilymphocyte Immunoglobulin		
ANTITHROMBIN III	1436169	Antithrombin III	RxNorm	
ANTITHYMOCYTE IMMUNOGLOBULIN (RABBIT)	19003472	Rabbit anti-human T-lymphocyte globulin		
APIXABAN	43013024	apixaban	RxNorm	
APO GO AMP	837027	Apomorphine		
APOMORPHINE	837027	Apomorphine	RxNorm	
APRACLONIDINE	919986	apraclonidine	RxNorm	
APREMILAST	44816294	apremilast	RxNorm	
APREPITANT	936748	aprepitant	RxNorm	
APRINDINE	19006969	Aprindine	RxNorm	
ARCTOSTAPHYLOS UVA-URSI	42900397	Arctostaphylos uva-ursi leaf extract		
ARCTOSTAPHYLOS UVA-URSI	46275331	Arctostaphylos uva-ursi whole extract		
ARIPIPRAZOLE	757688	aripiprazole	RxNorm	
ARTEMETHER AND LUMEFANTRINE				
ARTENIMOL AND PIPERAQUINE				
ARTICAINE, COMBINATIONS				1
ARTICHAUT	40170396	artichoke allergenic extract		2
ARTICHAUT	46234340	Jerusalem artichoke extract		
ARTICHAUT/ROMARIN				
ARTIFICIAL TEARS AND OTHER INDIFFERENT PREPARATIONS	0			
ASCORBIC ACID	19011773	Ascorbic Acid	RxNorm	
ASCORBIC ACID (VIT C)	19011773	Ascorbic Acid		
ASENAPINE	40164052	Asenapine	RxNorm	
ASPARAGINASE	19012585	ASPARAGINASE	RxNorm	
ASTEMIZOLE	1150770	Astemizole	RxNorm	
ATAZANAVIR	1727223	Atazanavir	RxNorm	
ATENOLOL	1314002	Atenolol	RxNorm	
ATENOLOL AND OTHER ANTIHYPERTENSIVES				
ATENOLOL AND OTHER DIURETICS				
ATENOLOL, THIAZIDES AND OTHER DIURETICS				
ATENOLOL/CHLORTALIDONE				
ATOMOXETINE	742185	atomoxetine	RxNorm	
ATORVASTATIN	1545958	atorvastatin	RxNorm	
ATORVASTATIN AND EZETIMIBE				
ATORVASTATINA ACIDO ACETILSALICILICO E RAMIPRIL				
ATORVASTATINA AMLODIPINA E PERINDOPRIL				
ATORVASTATINE	1545958	atorvastatin	RxNorm	
ATOSIBAN	19122136	Atosiban	RxNorm	
ATOVAQUONE	1781733	Atovaquone	RxNorm	
ATRACURIUM	19014341	Atracurium	RxNorm	
ATROPINE	914335	Atropine	RxNorm	
ATTAPULGITE	933794	attapulgite	RxNorm	
ATTAPULGITE, COMBINATIONS				
AURANOFIN	1114771	Auranofin	RxNorm	
AUROTIOPROL	36878717	Aurothiopropanolsulfonate sodium		
AVANAFIL	42800040	avanafil	RxNorm	
AZATHIOPRINE	19014878	Azathioprine	RxNorm	
AZELAIC ACID	986790	Azelate		
AZELASTINE	934075	azelastine	RxNorm	
AZITHROMYCIN	1734104	Azithromycin	RxNorm	
AZTREONAM	1715117	Aztreonam	RxNorm	
BACAMPICILLIN	1734205	bacampicillin	RxNorm	
BACITRACIN	915175	Bacitracin	RxNorm	
BACLOFEN	715233	Baclofen	RxNorm	
BACTERIES/FIEL DE BOEUF				
BACTERIES/HUILE DE FOIE DE MORUE/SULFANILAMIDE				
BALLOTE/CRATAEGUS/PASSIFLORE				
BAMIFYLLINE	19018518	bamifylline	RxNorm	
BARBITURATES IN COMBINATION WITH OTHER DRUGS				
BARIUM SULFATE WITH SUSPENDING AGENTS	0			
BARNIDIPINE	19102106	mepirodipine		
BCG VACCINE	19015423	BCG Vaccine	RxNorm	
BECLOMETASONE	1115572	Beclomethasone	RxNorm	
BEFUNOLOL	40798658	Befunolol	RxNorm Extension	
BENAZEPRIL	1335471	benazepril	RxNorm	
BENJOIN/SALICYLATE DE PHENYL/ACIDE BORIQUE				
BENORILATE	19016435	benorilate	RxNorm	
BENPERIDOL	19016440	Benperidol	RxNorm	
BENZALKONIUM	916460	Benzalkonium	RxNorm	
BENZATHINE BENZYLPENICILLIN	19130393	penicillin G benzathine		
BENZATHINE PHENOXYMETHYLPENICILLIN	1729720	Penicillin V		
BENZBROMARONE	19016754	Benzbromarone	RxNorm	
BENZOCAINE/NICOTINATE D' ETHYLE/NICOTINATE D' HEXYLE				
BENZOYL PEROXIDE	918172	Benzoyl Peroxide	RxNorm	
BENZOYL PEROXIDE, COMBINATIONS				
BENZYLPENICILLIN	1728416	Penicillin G		
BEPRIDIL	1319751	Bepridil	RxNorm	
BERGAPTEN	19018285	 5-methoxypsoralen		
BETAHISTINE	19020124	BETAHISTINE	RxNorm	
BETAMETHASONE	920458	Betamethasone	RxNorm	
BETAMETHASONE AND ANTIBIOTICS				
BETAMETHASONE AND ANTIINFECTIVES				
BETAMETHASONE AND ANTISEPTICS				
BETAXOLOL	1322081	Betaxolol	RxNorm	
BETHANECHOL	937439	Bethanechol	RxNorm	
BEXAROTENE	1389888	bexarotene	RxNorm	
BEZAFIBRATE	19022956	Bezafibrate	RxNorm	
BEZITRAMIDE				
BICALUTAMIDE	1344381	bicalutamide	RxNorm	
BIFONAZOLE	19037560	bifonazole	RxNorm	
BILASTINE	44012547	Bilastine	RxNorm Extension	
BIMATOPROST	904525	bimatoprost	RxNorm	
BIOALLETHRIN, COMBINATIONS				
BIPERIDEN	724908	Biperiden	RxNorm	
BISACODYL	924939	Bisacodyl	RxNorm	
BISACODYL, COMBINATION				
BISMUTH PREPARATIONS, COMBINATIONS				
BISMUTH SUBCITRATE, TETRACYCLIN AND METRONIDAZOLE				
BISOPROLOL	1338005	Bisoprolol	RxNorm	
BISOPROLOL AND THIAZIDES				
BISOXATIN				
BLEOMYCIN	1329241	Bleomycin	RxNorm	
BORTEZOMIB	1336825	bortezomib	RxNorm	
BOSENTAN	1321636	bosentan	RxNorm	
BOSEPREVIR	40238770	boceprevir	RxNorm	1
BOTULINUM TOXIN	729855	Botulinum Toxin Type A		2
BOTULINUM TOXIN	36879143	Botulinum toxin type B		
BRIMONIDINA	915542	brimonidine	RxNorm	
BRIMONIDINE	915542	brimonidine	RxNorm	
BRINZOLAMIDE	938044	brinzolamide	RxNorm	
BRINZOLAMIDE ASSOCIAZIONI	938044	 brinzolamide		
BRIVUDINE	19122130	brivudine	RxNorm	
BROMAZEPAM	19030353	Bromazepam	RxNorm	
BROMHEXINE	19030493	Bromhexine	RxNorm	
BROMOCRIPTINE	730548	Bromocriptine	RxNorm	
BROMPERIDOL	19039227	bromperidol	RxNorm	
BROTIZOLAM	19039262	brotizolam	RxNorm	
BRUFEN FORTE IMPEXECO	1177480	Ibuprofen	RxNorm	
BUCLIZINE	19081195	buclizine	RxNorm	
BUDESONIDE	939259	Budesonide	RxNorm	
BUFEXAMAC	19032724	Bufexamac	RxNorm	
BUFLOMEDIL	19039639	buflomedil	RxNorm	
BUMETANIDE	932745	Bumetanide	RxNorm	
BUPIVACAINE	732893	Bupivacaine	RxNorm	
BUPIVACAINE, COMBINATIONS				
BUPRENORPHINE	1133201	Buprenorphine	RxNorm	
BUPRENORPHINE, COMBINATIONS				
BUPROPION	750982	Bupropion	RxNorm	
BUSERELIN	19033280	Buserelin	RxNorm	
BUSPIRONE	733301	Buspirone	RxNorm	
BUSULFAN	1333357	Busulfan	RxNorm	
BUTAMIRATE	19039762	butamirate	RxNorm	
BUTOCONAZOLE	939784	butoconazole	RxNorm	
BUTYLSCOPOLAMINE	40234201	butylscopolamine	RxNorm	
BUTYLSCOPOLAMINE AND ANALGESICS				
CABERGOLINE	1558471	cabergoline	RxNorm	
CAFEINE	1134439	Caffeine	RxNorm	
CAFFEINE	1134439	Caffeine	RxNorm	
CALCIFEDIOL	19035569	Calcifediol	RxNorm	
CALCIO ACETATO	951469	calcium acetate		
CALCIPOTRIOL	908921	calcipotriene		
CALCIPOTRIOL, COMBINATIONS				
CALCITONIN (SALMON SYNTHETIC)	1537655	salmon calcitonin	RxNorm	
CALCITRIOL	19035631	Calcitriol	RxNorm	
CALCIUM (DIFFERENT SALTS IN COMBINATION)	19018544	Calcium		
CALCIUM ACETATE AND MAGNESIUM CARBONATE				
CALCIUM CARBONATE	19035704	Calcium Carbonate	RxNorm	
CALCIUM CARBONATE/COLECALCIFEROL				
CALCIUM CARBONATE/KAOLIN/MAGNESIUM HYDROXYDE				
CALCIUM CARBONATE/MAGNESIUM CARBONATE/BICARBONATE DE SODIUM				
CALCIUM CHLORIDE	19036781	Calcium Chloride	RxNorm	
CALCIUM DOBESILATE	19091101	DOBESILIC ACID		
CALCIUM FOLINATE	1388796	Leucovorin	RxNorm	
CALCIUM GLUBIONATE	19097867	calcium glubionate	RxNorm	
CALCIUM GLUCONATE	19037038	Calcium Gluconate	RxNorm	
CALCIUM LEVOFOLINATE	40168303	levoleucovorin	RxNorm	
CALCIUM PHOSPHATE/COLECALCIFEROL				
CAMPHRE	938205	Camphor	RxNorm	
CAMPHRE/MENTHOL/SALICYLATE DE METHYLE				
CAMPHRE/SALICYLATE DE METHYLE				
CANAGLIFLOZIN	43526465	canagliflozin	RxNorm	
CANDESARTAN	1351557	candesartan	RxNorm	
CANDESARTAN AND DIURETICS				
CANRENONE	19019698	Canrenone	RxNorm	
CAPECITABINE	1337620	capecitabine	RxNorm	
CAPSAICIN	939881	Capsaicin	RxNorm	
CAPSICUM/MENTHOL/SALICYLATE DE METHYLE				
CAPSICUM/SALICYLATE D'ETHYLE/SALICYLATE DE GLYCOL				
CAPSICUM/SALICYLATE DE DIPROPYLENEGLYCOL				
CAPTOPRIL	1340128	Captopril	RxNorm	
CARBAMAZEPINE	740275	Carbamazepine	RxNorm	
CARBAMIDE	958999	carbamide peroxide	RxNorm	
CARBASALATE CALCIUM	40798706	Carbasalate Calcium	RxNorm Extension	
CARBOCISTEINE	19041843	Carbocysteine	RxNorm	
CARBOHYDRATES	44012568	Carbohydrate	RxNorm Extension	
CARBOHYDRATES	40798708	Carbohydrates	RxNorm Extension	
CARBOPLATIN	1344905	Carboplatin	RxNorm	
CARMELLOSE	949279	Carboxymethylcellulose		
CARTEOLOL	950370	Carteolol	RxNorm	
CARTEOLOL, COMBINATIONS				
CARVEDILOL	1346823	carvedilol	RxNorm	
CASCARA	900017	Cascara sagrada	RxNorm	
CEFACLOR	1768849	Cefaclor	RxNorm	
CEFADROXIL	1769535	Cefadroxil	RxNorm	
CEFALEXIN	1786621	Cephalexin	RxNorm	
CEFATRIZINE	19070680	Cefatrizine	RxNorm	
CEFAZOLIN	1771162	Cefazolin	RxNorm	
CEFEPIME	1748975	cefepime	RxNorm	
CEFOTAXIME	1774470	Cefotaxime	RxNorm	
CEFPIROME	19001904	cefpirome	RxNorm	
CEFRADINE	1786842	Cephradine	RxNorm	
CEFTAZIDIME	1776684	Ceftazidime	RxNorm	
CEFTRIAXONE	1777806	Ceftriaxone	RxNorm	
CEFUROXIME	1778162	Cefuroxime	RxNorm	
CELECOXIB	1118084	celecoxib	RxNorm	
CELIPROLOL	19049145	Celiprolol	RxNorm	
CENTELLA ASIATICA	42898716	Centella asiatica extract	RxNorm	
CERIVASTATIN	1592180	cerivastatin	RxNorm	
CERTOLIZUMAB PEGOL	912263	certolizumab pegol	RxNorm	
CERVARIX PI PHARMA	42899116	Human Papillomavirus		
CETIRIZINE	1149196	Cetirizine	RxNorm	
CETRORELIX	1503983	cetrorelix	RxNorm	1
CHAMOMILLA RECUTITA	19071803	Matricaria recutita extract	RxNorm	2
CHAMOMILLA RECUTITA	42899369	 Matricaria recutita leaf extract		
CHARBON ADSORBANT/MAGNESIUM CITRATE/METHENAMINE				
CHENODEOXYCHOLIC ACID	19052447	Chenodeoxycholate		
CHLORAMBUCIL	1390051	Chlorambucil	RxNorm	
CHLORAMPHENICOL	990069	Chloramphenicol	RxNorm	
CHLORHEXIDINE	1790812	Chlorhexidine	RxNorm	
CHLORHEXIDINE, COMBINATIONS				
CHLORHEXIDINE/RETINYL PALMITATE				
CHLORMADINONE AND ESTROGEN				
CHLOROQUINE	1792515	Chloroquine	RxNorm	
CHLOROXYLENOL	949459	chloroxylenol	RxNorm	
CHLORPHENAMINE	1192710	Chlorpheniramine	RxNorm	
CHLORPROPAMIDE	1594973	Chlorpropamide	RxNorm	
CHLORTALIDONE	1395058	Chlorthalidone	RxNorm	
CHLORTETRACYCLINE	19095043	Chlortetracycline	RxNorm	
CHOLERA, INACTIVATED, WHOLE CELL	43560345	Vibrio cholerae		
CHOLESTEROL BENZOATE/ZINC OXYDE				
CHORIOGONADOTROPIN ALFA	1563600	Chorionic Gonadotropin	RxNorm	
CHORIONIC GONADOTROPIN	1563600	Chorionic Gonadotropin	RxNorm	
CIBENZOLINE	19045581	cifenline	RxNorm	
CICLESONIDE	902938	ciclesonide	RxNorm	
CICLOPIROX	950098	ciclopirox	RxNorm	
CICLOSPORIN	19010482	Cyclosporine	RxNorm	
CIDOFOVIR	1745072	Cidofovir	RxNorm	
CILAZAPRIL	19050216	Cilazapril	RxNorm	
CILAZAPRIL AND DIURETICS				
CIMETIDINE	997276	Cimetidine	RxNorm	
CINACALCET	1548111	cinacalcet	RxNorm	
CINCHOCAINE	923840	 Dibucaine		
CINNARIZINE	19097481	Cinnarizine	RxNorm	
CINNARIZINE, COMBINATIONS				
CIPROFIBRATE	19050375	ciprofibrate	RxNorm	
CIPROFLOXACIN	1797513	Ciprofloxacin	RxNorm	
CISAPRIDE	932196	Cisapride	RxNorm	
CISATRACURIUM	19015726	Cisatracurium	RxNorm	
CISPLATIN	1397599	Cisplatin	RxNorm	
CITALOPRAM	797617	Citalopram	RxNorm	
CLARITHROMYCIN	1750500	Clarithromycin	RxNorm	
CLARITHROMYCINE	1750500	Clarithromycin	RxNorm	
CLINDAMYCIN	997881	Clindamycin	RxNorm	
CLINDAMYCIN, COMBINATIONS				
CLOBAZAM	19050832	clobazam	RxNorm	
CLOBETASOL	998415	Clobetasol	RxNorm	
CLOBETASONE	19005129	Clobetasone	RxNorm	
CLOBUTINOL	19050863	clobutinol	RxNorm	
CLODRONIC ACID	19024249	Clodronic Acid	RxNorm	
CLOFIBRATE	1598658	Clofibrate	RxNorm	
CLOMETHIAZOLE	19092283	Chlormethiazole	RxNorm	
CLOMETOCILLIN				
CLOMIFENE	1598819	Clomiphene	RxNorm	
CLOMIPRAMINE	798834	Clomipramine	RxNorm	
CLONAZEPAM	798874	Clonazepam	RxNorm	
CLONIDINE	1398937	Clonidine	RxNorm	
CLOPERASTINE				
CLOPIDOGREL	1322184	clopidogrel	RxNorm	
CLOROFENE	40798764	Clorofene	RxNorm Extension	
CLOTIAPINE	19100363	clothiapine	RxNorm	
CLOTIAZEPAM	19068821	clotiazepam	RxNorm	
CLOTRIMAZOLE	1000632	Clotrimazole	RxNorm	
CLOXACILLIN	1800835	Cloxacillin	RxNorm	
CLOXACILLIN	19054936	Floxacillin	RxNorm	
CLOXAZOLAM	19051096	cloxazolam	RxNorm	
CLOZAPINE	800878	Clozapine	RxNorm	
COAGULATION FACTOR IX	1351935	factor IX	RxNorm	
COAGULATION FACTOR VIII	1352213	Factor VIII	RxNorm	
CODEINA E ACIDO ACETILSALICILICO				
CODEINA E ALTRI ANALGESICI NON OPPIOIDI				
CODEINA E IBUPROFENE				
CODEINA E PARACETAMOLO				
CODEINE	1201620	Codeine	RxNorm	
COLCHICINE	1101554	Colchicine	RxNorm	
COLECALCIFEROL	19095164	Cholecalciferol	RxNorm	
COLESTIPOL	1501617	Colestipol	RxNorm	
COLESTYRAMINE	19095309	 Cholestyramine Resin		
COLISTIN	901845	Colistin	RxNorm	
COLLAGENASE CLOSTRIDIUM HISTOLYTICUM	40172153	collagenase Clostridium histolyticum	RxNorm	
COLLAGENASE, COMBINATIONS				
COMBINATIONS				
COMBINATIONS OF DIFFERENT ANTIBIOTICS				
COMBINATIONS OF LEVOTHYROXINE AND LIOTHYRONINE				
COMBINATIONS OF SULFONAMIDES				
CONJUGATED ESTROGENS	1549080	Estrogens, Conjugated (USP)	RxNorm	
CONTACT LAXATIVES IN COMBINATION				
CORTICO-SURRENALE/HEPARINOIDE/ACIDE SALICYLIQUE				
CORTISONE	1507705	Cortisone	RxNorm	
COUGH SUPPRESSANTS AND EXPECTORANTS				
CRATAEGUS	19050237	crataegus extract		
CRATAEGUS/PASSIFLORE/VALERIANE				
CROMOGLICIC ACID	19008867	Cromoglycate	RxNorm	
CROMOGLICIC ACID, COMBINATIONS				
CROTAMITON	969276	crotamiton	RxNorm	
CYANOCOBALAMIN	44012736	Vitamin B12 (Cyanocobalamin)		
CYANOCOBALAMINE/PYRIDOXINE/RIBOFLAVINE				
CYANOCOBALAMINE/PYRIDOXINE/THIAMINE				
CYCLANDELATE	1309323	CALCIUM 	RxNorm	
CYCLOBUTYROL	19051590	cyclobutyrol	RxNorm	
CYCLOPENTOLATE	910232	Cyclopentolate	RxNorm	
CYCLOPHOSPHAMIDE	1310317	Cyclophosphamide	RxNorm	
CYPROHEPTADINE	1110727	Cyproheptadine	RxNorm	
CYPROTERONE	19010792	Cyproterone	RxNorm	
CYPROTERONE AND ESTROGEN				
CYTARABINE	1311078	Cytarabine	RxNorm	
DABIGATRAN ETEXILATE	40228152	dabigatran etexilate	RxNorm	
DACLIZUMAB	19036892	Daclizumab	RxNorm	
DALTEPARIN	1301065	Dalteparin	RxNorm	
DANAPAROID	19026343	danaparoid	RxNorm	
DANAZOL	1511449	Danazol	RxNorm	
DANTROLENE	711714	Dantrolene	RxNorm	
DAPAGLIFLOZIN	44785829	dapagliflozin	RxNorm	
DAPOXETINE	36878698	Dapoxetine	RxNorm Extension	
DARBEPOETIN ALFA	1304643	darbepoetin alfa	RxNorm	
DARIFENACIN	916230	darifenacin	RxNorm	
DARUNAVIR	1756831	darunavir	RxNorm	
DARUNAVIR E COBICISTAT				
DASATINIB	1358436	dasatinib	RxNorm	
DAUNORUBICIN	1311799	Daunorubicin	RxNorm	
DEANOL	1311826	Deanol	RxNorm	
DEFERASIROX	1786055	deferasirox	RxNorm	
DEFERIPRONE	19011091	deferiprone	RxNorm	
DEFEROXAMINE	1711947	Deferoxamine	RxNorm	
DEGARELIX	19058410	degarelix	RxNorm	
DENOSUMAB	40222444	denosumab	RxNorm	
DEQUALINIUM	19016063	Dequalinium	RxNorm	
DESIPRAMINE	716968	Desipramine	RxNorm	
DESLORATADINE	1103006	desloratadine	RxNorm	
DESLORATADINE ACTAVIS	1103006	desloratadine		
DESMOPRESSIN	1517070	desmopressin	RxNorm	
DESOGESTREL	1588000	Desogestrel	RxNorm	
DESOGESTREL AND ESTROGEN				
DESONIDE	917205	Desonide	RxNorm	
DEXAMETHASONE	1518254	Dexamethasone	RxNorm	
DEXAMETHASONE AND ANTIINFECTIVES				
DEXAMETHASONE, COMBINATIONS				
DEXCHLORPHENIRAMINE	1188114	dexchlorpheniramine	RxNorm	
DEXETIMIDE	19082894	Dexetimide	RxNorm	
DEXKETOPROFEN	19056874	Dexketoprofen	RxNorm	
DEXPANTHENOL	988294	dexpanthenol	RxNorm	
DEXTRANOMER	19088340	dextranomer	RxNorm	
DEXTROMETHORPHAN	1119510	Dextromethorphan	RxNorm	
DEXTROPROPOXYPHENE	1153664	Propoxyphene	RxNorm	
DEXTROPROPOXYPHENE, COMBINATIONS EXCL. PSYCHOLEPTICS				
DIATRIZOIC ACID	45775324	diatrizoic acid	RxNorm	
DIAZEPAM	723013	Diazepam	RxNorm	
DIAZOXIDE	1523280	Diazoxide	RxNorm	
DIBEKACIN	19023508	Dibekacin	RxNorm	
DICHLOROBENZYL ALCOHOL	19054875	dichlorobenzyl alcohol	RxNorm	
DICLOFENAC	1124300	Diclofenac	RxNorm	
DICLOFENAC AND ANTIINFECTIVES				
DICLOFENAC, COMBINATIONS				
DICLOFENAMIDE	924296	 Dichlorphenamide		
DIDANOSINE	1724869	Didanosine	RxNorm	
DIENESTROL	925102	Dienestrol	RxNorm	
DIENOGEST	19054876	dienogest	RxNorm	
DIENOGEST AND ESTROGEN				
DIENOGEST E ETINILESTRADIOLO				
DIFLUCORTOLONE	19026096	Diflucortolone	RxNorm	
DIFLUNISAL	1126128	Diflunisal	RxNorm	
DIGITALIS ANTITOXIN	19045317	digoxin antibodies Fab fragments		
DIGITOXIN	19026180	Digitoxin	RxNorm	
DIGOXIN	1326303	Digoxin	RxNorm	
DIHYDRALAZINE	19026448	Dihydralazine	RxNorm	
DIHYDROCODEINE	1189596	dihydrocodeine	RxNorm	
DIHYDROERGOTAMINE	1126557	Dihydroergotamine	RxNorm	
DIHYDROTACHYSTEROL	19027015	Dihydrotachysterol	RxNorm	
DILTIAZEM	1328165	Diltiazem	RxNorm	
DIMETHOXANATE	19011098	Dimethoxanate	RxNorm	
DIMETILFUMARATO	43526424	dimethyl fumarate		
DIMETINDENE	19028947	Dimethindene	RxNorm	
DINOPROSTONE	1329415	Dinoprostone	RxNorm	
DIOSMECTITE	42903830	diosmetin		
DIOSMIN	19029488	Diosmin	RxNorm	
DIOSMIN, COMBINATIONS				
DIPHENHYDRAMINE	1129625	Diphenhydramine	RxNorm	
DIPHENOXYLATE	930916	Diphenoxylate	RxNorm	
DIPHTHERIA-HEMOPHILUS INFLUENZAE B-PERTUSSIS-POLIOMYELITIS-TETANUS-HEPATITIS B				
DIPHTHERIA-PERTUSSIS-POLIOMYELITIS-TETANUS				
DIPHTHERIA-POLIOMYELITIS-TETANUS				
DIPIVEFRINE	990009	Dipivefrin	RxNorm	
DIPYRIDAMOLE	1331270	Dipyridamole	RxNorm	
DIRITHROMYCIN	1790024	dirithromycin	RxNorm	
DISOPYRAMIDE	1335606	Disopyramide	RxNorm	
DISULFIRAM	735850	Disulfiram	RxNorm	
DITHRANOL	952538	Anthralin		
DIXYRAZINE	40798772	Dixyrazine	RxNorm Extension	
DOCETAXEL	1315942	docetaxel	RxNorm	
DOCOSANOL	980955	docosanol	RxNorm	
DOCUSATE SODIUM, INCL. COMBINATIONS				
DOLUTEGRAVIR	43560385	dolutegravir	RxNorm	
DOMPERIDONE	19037833	Domperidone	RxNorm	
DONEPEZIL	715997	donepezil	RxNorm	
DOPAMINE	1337860	Dopamine	RxNorm	
DORNASE ALFA (DESOXYRIBONUCLEASE)	1125443	Dornase Alfa	RxNorm	
DORZOLAMIDE	981709	dorzolamide	RxNorm	
DORZOLAMIDE/TIMOLOL				
DOSULEPIN	36878621	Dosulepin hydrochloride	RxNorm Extension	
DOXEPIN	738156	Doxepin	RxNorm	
DOXORUBICIN	1338512	Doxorubicin	RxNorm	
DOXYCYCLINE	1738521	Doxycycline	RxNorm	
DROPERIDOL	739323	Droperidol	RxNorm	
DROPROPIZINE	19054993	dipropizine		
DROSPIRENONE AND ESTROGEN				
DULAGLUTIDE	45774435	dulaglutide	RxNorm	
DULOXETINE	715259	duloxetine	RxNorm	
DUTASTERIDE	989482	Dutasteride	RxNorm	
DYDROGESTERONE	19040060	Dydrogesterone	RxNorm	
DYDROGESTERONE AND ESTROGEN				
EBASTINE	19092433	ebastine	RxNorm	
ECHINACEA PURPUREA	1399063	Echinacea purpurea extract		
ECHINACEA PURPUREA/SERENOA REPENS				
ECONAZOLE	940864	Econazole	RxNorm	
EDOXABAN	45892847	edoxaban	RxNorm	
EFAVIRENZ	1738135	efavirenz	RxNorm	
EFLORNITHINE	978236	Eflornithine	RxNorm	
ELECTROLYTES				
ELECTROLYTES WITH CARBOHYDRATES				
ELETRIPTAN	1189697	eletriptan	RxNorm	
EMEDASTINE	903893	emedastine	RxNorm	
EMPAGLIFLOZIN	45774751	empagliflozin	RxNorm	
EMTRICITABINA TENOFOVIR ALAFENAMIDE E RILPIVIRINA				
EMTRICITABINA TENOFOVIR DISOPROXIL E RILPIVIRINA				
EMTRICITABINE	1703069	emtricitabine	RxNorm	
Emtricitabine + T�nofovir alaf�namide				
EMTRICITABINE, TENOFOVIR DISOPROXIL AND EFAVIRENZ				
EMTRICITABINE, TENOFOVIR DISOPROXIL, ELVITEGRAVIR AND COBICISTAT				
Emtricitabine, T�nofovir alaf�namide, Elvit�gravir, Cobicistat				
ENALAPRIL	1341927	Enalapril	RxNorm	
ENALAPRIL AND DIURETICS				
ENALAPRIL AND LERCANIDIPINE				
ENCEPHALITIS, JAPANESE, INACTIVATED, WHOLE VIRUS	19047598	Japanese encephalitis virus vaccine, inactivated		
ENCEPHALITIS, TICK BORNE, INACTIVATED, WHOLE VIRUS	19056508	TICK-BORN ENCEPHALITIS VACC		
ENFUVIRTIDE	1717002	enfuvirtide	RxNorm	
ENOXAPARIN	1301025	Enoxaparin	RxNorm	
ENOXOLONE	42899194	Glycyrrhetinic acid	RxNorm	
ENTACAPONE	782211	entacapone	RxNorm	
ENTECAVIR	1711246	entecavir	RxNorm	
Enzalutamide	42900250	enzalutamide		
EOSIN	43012267	rosin	RxNorm	
EPHEDRINE	1143374	Ephedrine	RxNorm	
EPHEDRINE, COMBINATIONS EXCL. CORTICOSTEROIDS				
EPINASTINE	943634	epinastine	RxNorm	
EPINEPHRINE	1343916	Epinephrine	RxNorm	
EPIRUBICIN	1344354	Epirubicin	RxNorm	
EPITIZIDE AND POTASSIUM-SPARING AGENTS				
EPLERENONE	1309799	eplerenone	RxNorm	
EPRAZINONE	19095266	eprazinone	RxNorm	
EPROSARTAN	1346686	eprosartan	RxNorm	
EPROSARTAN AND DIURETICS				
ERDOSTEINE	19058933	erdosteine	RxNorm	
ERGOCALCIFEROL	19045045	Ergocalciferol	RxNorm	
ERGOCALCIFEROL/PHYTOMENADIONE/RETINYL PALMITATE				
ERGOLOID MESYLATES	745268	ergoloid mesylates, USP	RxNorm	
ERGOTAMINE, COMBINATIONS EXCL. PSYCHOLEPTICS				
ERGOTAMINE, COMBINATIONS WITH PSYCHOLEPTICS				
ERLOTINIB	1325363	erlotinib	RxNorm	
ERYSIMUM	19082733	Erysimum preparation	RxNorm	
ERYTHROMYCIN	1746940	Erythromycin	RxNorm	
ERYTHROMYCIN, COMBINATIONS				
ERYTHROPOIETIN	1301125	Epoetin Alfa	1	
ERYTHROPOIETIN	19001311	epoetin beta	2	
ERYTHROPOIETIN	36878697	Epoetin zeta	3	
ERYTHROPOIETIN	36878927	Epoetin delta	4	
ERYTHROPOIETIN	36878928	Epoetin theta	5	
ERYTHROPOIETIN	36878963	Epoetin Lambda	6	
ESCHERICHIA COLI	19030957	Escherichia coli	RxNorm	
ESCITALOPRAM	715939	Escitalopram	RxNorm	
ESOMEPRAZOLE	904453	Esomeprazole	RxNorm	
ESTRADIOL	1548195	Estradiol	RxNorm	
ESTRAMUSTINE	1349025	Estramustine	RxNorm	
ESTRIOL	19049038	Estriol	RxNorm	
ESTRIOL, COMBINATIONS				
ESTROGENI CONIUGATI E BAZEDOXIFENE				
ETAMSYLATE	19049350	Ethamsylate	RxNorm	
ETANERCEPT	1151789	Etanercept	RxNorm	
ETHAMBUTOL	1749301	Ethambutol	RxNorm	
ETHANOL	42899323	Methanol	RxNorm	
ETHANOL	955372	Ethanol	RxNorm	
ETHOSUXIMIDE	750119	Ethosuximide	RxNorm	
ETHYL CHLORIDE	950316	 Ethyl Chloride	RxNorm	
ETHYL CHLORIDE	950316	Ethyl Chloride	RxNorm	
ETHYL ESTERS OF IODISED FATTY ACIDS	0			
ETHYL LOFLAZEPATE	19095467	ethyl loflazepate	RxNorm	
ETHYLMORPHINE	19050414	Ethylmorphine	RxNorm	
ETIDRONIC ACID	1552929	 Etidronate		
ETILEFRINE	19050419	Etilefrine	RxNorm	
ETOFENAMATE	19095561	etofenamate	RxNorm	
ETOMIDATE	19050488	Etomidate	RxNorm	
ETOMIDATE	19050488	Etomidate	RxNorm	
ETONOGESTREL	1519936	Etonogestrel	RxNorm	
ETOPOSIDE	1350504	Etoposide	RxNorm	
ETORICOXIB	19011355	etoricoxib	RxNorm	
ETRAVIRINE	1758536	etravirine	RxNorm	
ETYNODIOL AND ESTROGEN				
EVEROLIMUS	19011440	everolimus	RxNorm	
EVOLOCUMAB	46287466	evolocumab	RxNorm	
EXEMESTANE	1398399	exemestane	RxNorm	
EXENATIDE	1583722	exenatide	RxNorm	
EZETIMIBE	1526475	ezetimibe	RxNorm	
FACTOR VIII INHIBITOR BYPASSING ACTIVITY	19080406	ANTI-INHIBITOR COAGULANT COMPLEX		
FAMCICLOVIR	1703603	famciclovir	RxNorm	
FAMOTIDINE	953076	Famotidine	RxNorm	
FAMPRIDINE	36878867	Fampiridine	RxNorm Extension	
FEBUXOSTAT	19017742	febuxostat	RxNorm	
FELBAMATE	795661	felbamate	RxNorm	
FELBINAC	19100761	Felbinac	RxNorm	
FELODIPINE	1353776	Felodipine	RxNorm	
FENETYLLINE	19061288	fenethylline	RxNorm	
FENOFIBRATE	1551803	Fenofibrate	RxNorm	
FENOTEROL	19053979	Fenoterol	RxNorm	
FENOTEROLO E IPRATROPIO BROMURO				
FENSPIRIDE	19107829	fenspiride	RxNorm	
FENTANYL	1154029	Fentanyl	RxNorm	
FENTANYL, COMBINATIONS				
FENTICONAZOLE	19095729	fenticonazole	RxNorm	
FER DEXTRAN	1381661	Iron-Dextran Complex		
FER SACCHAROSE	1395773	 iron sucrose		
FERROUS ASPARTATE	1391575	FERROUS ASPARTATE	RxNorm	
FERROUS FUMARATE	1595799	Ferrous fumarate	RxNorm	
FERROUS FUMARATE WITH FOLIC ACID				
FERROUS GLUCONATE	1396012	ferrous gluconate	RxNorm	
FERROUS SULFATE	1396131	ferrous sulfate	RxNorm	
FESOTERODINE	19027958	fesoterodine	RxNorm	
FEXOFENADINE	1153428	fexofenadine	RxNorm	
FILGRASTIM	1304850	Filgrastim	RxNorm	
FINASTERIDE	996416	Finasteride	RxNorm	
FLAVOXATE	954853	Flavoxate	RxNorm	
FLECAINIDE	1354860	Flecainide	RxNorm	
FLUCLOXACILLIN	19054936	Floxacillin	RxNorm	
FLUCONAZOLE	1754994	Fluconazole	RxNorm	
FLUDROCORTISONE AND ANTIINFECTIVES				
FLUMAZENIL	19055153	Flumazenil	RxNorm	
FLUMETASONE	19055156	Flumethasone	RxNorm	
FLUMETASONE AND ANTIINFECTIVES				
FLUMETASONE AND ANTISEPTICS				
FLUNARIZINE	19055183	Flunarizine	RxNorm	
FLUNISOLIDE	1196514	flunisolide	RxNorm	
FLUNITRAZEPAM	19055224	Flunitrazepam	RxNorm	
FLUOCINOLONE ACETONIDE	996541	fluocinolone	RxNorm	
FLUOCINOLONE ACETONIDE AND ANTIINFECTIVES				
FLUOCINONIDE	955252	Fluocinonide	RxNorm	
FLUOCORTIN	19064432	fluocortin butyl ester	RxNorm	
FLUOCORTOLONE	19055344	Fluocortolone	RxNorm	
FLUORESCEIN	996625	Fluorescein	RxNorm	
FLUOROMETHOLONE	955583	Fluorometholone	RxNorm	
FLUOROMETHOLONE AND ANTIINFECTIVES				
FLUOROURACIL	955632	Fluorouracil	RxNorm	
FLUOXETINE	755695	Fluoxetine	RxNorm	
FLUPENTIXOL	19055982	Flupenthixol	RxNorm	
FLUPHENAZINE	756018	Fluphenazine	RxNorm	
FLUPREDNIDENE	19056447	FLUPREDNIDENE	RxNorm	
FLUPREDNIDENE AND ANTIBIOTICS				
FLURAZEPAM	756349	Flurazepam	RxNorm	
FLURBIPROFEN	1156378	Flurbiprofen	RxNorm	
FLUSPIRILENE	19056465	Fluspirilene	RxNorm	
FLUTAMIDE	1356461	Flutamide	RxNorm	
FLUTICASONE	1149380	fluticasone	RxNorm	
FLUTICASONE FUROATE	1149380	fluticasone		
FLUVASTATIN	1549686	fluvastatin	RxNorm	
FLUVOXAMINE	751412	Fluvoxamine	RxNorm	
FOLIC ACID	19111620	Folic Acid	RxNorm	
FOLLITROPIN ALFA	1542948	Follitropin Alfa	RxNorm	
FOLLITROPIN BETA	1597235	follitropin beta	RxNorm	
FONDAPARINUX	1315865	fondaparinux	RxNorm	
FORMOTEROL	1196677	formoterol	RxNorm	
FORMOTEROL  AND OTHER ANTI-ASTHMATICS				
FORMOTEROLO E BECLOMETASONE				
FORMOTEROLO E FLUTICASONE				
FORMOTEROLO ED ACLIDINIO BROMURO				
FOSAMPRENAVIR	1736829	fosamprenavir	RxNorm	
FOSFOMYCIN	956653	Fosfomycin	RxNorm	
FOSINOPRIL	1363749	Fosinopril	RxNorm	
FOSINOPRIL AND DIURETICS				
FRAMYCETIN	19056694	Framycetin	RxNorm	
FROVATRIPTAN	1189458	frovatriptan	RxNorm	
FULVESTRANT	1304044	fulvestrant	RxNorm	
FUROSEMIDE	956874	Furosemide	RxNorm	
FUROSEMIDE AND POTASSIUM-SPARING AGENTS				
FUSAFUNGINE	19097405	fusafungin	RxNorm	
FUSIDIC ACID	19010400	Fusidate		
GABAPENTIN	797399	gabapentin	RxNorm	
GADOPENTETIC ACID	45775566	gadopentetate	RxNorm	
GALANTAMINE	757627	Galantamine	RxNorm	
GANCICLOVIR	1757803	Ganciclovir	RxNorm	
GANIRELIX	1536743	ganirelix	RxNorm	
GEMCITABINE	1314924	gemcitabine	RxNorm	
GENTAMICIN	45892419	Gentamicin	RxNorm	
GESTODENE AND ESTROGEN				1
GINKGO BILOBA	1391889	Ginkgo biloba extract		2
GINKGO BILOBA	1593873	 Ginkgo biloba root extract		3
GINKGO BILOBA	19098505	Ginkgo Biloba Leaf Extract		4
GINKGO BILOBA	35602852	Ginkgo biloba seed extract		
GLATIRAMER ACETATE	751889	Glatiramer	RxNorm	
GLIBENCLAMIDE	1559684	Glyburide	RxNorm	
GLICLAZIDE	19059796	Gliclazide	RxNorm	
GLIMEPIRIDE	1597756	glimepiride	RxNorm	
GLIPIZIDE	1560171	Glipizide	RxNorm	
GLIQUIDONE	19097821	gliquidone	RxNorm	
GLUCAGON	1560278	Glucagon	RxNorm	
GLUCOSAMINE	1360332	Glucosamine	RxNorm	
GLYCEROL	961145	Glycerin		
GLYCERYL TRINITRATE	1361711	Nitroglycerin	RxNorm	
GLYCOPYRRONIUM	45775571	glycopyrronium	RxNorm	
GLYCOPYRRONIUM BROMIDE	963353	Glycopyrrolate	RxNorm	
GOLIMUMAB	19041065	golimumab	RxNorm	
GONADORELIN	19089810	Gonadorelin	RxNorm	
GOSERELIN	1366310	Goserelin	RxNorm	
GRANISETRON	1000772	Granisetron	RxNorm	
GRASS POLLEN	36879220	Grass pollen	RxNorm Extension	
GUAIFENESIN	1163944	Guaifenesin	RxNorm	
GUANFACINE	1344965	Guanfacine	RxNorm	
HALOFANTRINE	1766340	halofantrine	RxNorm	
HALOMETASONE	19068896	halometasone	RxNorm	
HALOPERIDOL	766529	Haloperidol	RxNorm	
HEMOPHILUS INFLUENZAE B, COMBINATIONS WITH PERTUSSIS AND TOXOIDS				
HEMOPHILUS INFLUENZAE B, PURIFIED ANTIGEN CONJUGATED	19113026	Haemophilus influenzae type b	RxNorm	
HEPARIN	1367571	heparin	RxNorm	
HEPARINE/ZINC SULFATE				
HEPARINOID, COMBINATIONS				
HEPATITIS A IMMUNOGLOBULIN				
HEPATITIS A, INACTIVATED, WHOLE VIRUS	596876	Hepatitis A Vaccine, Inactivated	RxNorm	
HEPATITIS B IMMUNOGLOBULIN	501343	hepatitis B immune globulin		
HEPATITIS B, PURIFIED ANTIGEN	528323	Hepatitis B Surface Antigen Vaccine		
HEPTAMINOL	19068433	Heptaminol	RxNorm	
HETASTARCH	19077117	Hetastarch	RxNorm	
HEXACHLOROPHENE	1768734	Hexachlorophene	RxNorm	
HEXAMIDINE	19001599	hexamidine	RxNorm	
HEXETIDINE	19068839	Hexetidine	RxNorm	
HISTAMINE DIHYDROCHLORIDE	19069019	Histamine	RxNorm	
HOMATROPINE	1101703	homatropine	RxNorm	
HUILE DE FOIE DE MORUE/ZINC OXYDE				
HUMAN MENOPAUSAL GONADOTROPIN	36879180	human menopausal gonadotrophin	RxNorm Extension	
HYALURONIC ACID	798336	 Hyaluronan		
HYDROCHLOROTHIAZIDE	974166	Hydrochlorothiazide	RxNorm	
HYDROCHLOROTHIAZIDE AND POTASSIUM-SPARING AGENTS				
HYDROCODONE	1174888	Hydrocodone	RxNorm	
HYDROCORTISONE	975125	Hydrocortisone	RxNorm	
HYDROCORTISONE AND ANTIBIOTICS				
HYDROCORTISONE AND ANTIINFECTIVES				
HYDROCORTISONE BUTYRATE	975125	Hydrocortisone		
HYDROGEN PEROXIDE	1776430	Hydrogen Peroxide	RxNorm	
HYDROMORPHONE	1126658	Hydromorphone	RxNorm	
HYDROTALCITE	19002230	hydrotalcite	RxNorm	
HYDROXOCOBALAMIN	1377023	Hydroxocobalamin	RxNorm	
HYDROXOCOBALAMIN, COMBINATIONS				
HYDROXOCOBALAMINE	1377023	Hydroxocobalamin	RxNorm	
HYDROXYCARBAMIDE	1377141	hydroxyurea		
HYDROXYCHLOROQUINE	1777087	Hydroxychloroquine	RxNorm	
HYDROXYZINE	777221	Hydroxyzine	RxNorm	
HYMECROMONE	19077421	Hymecromone	RxNorm	
IBANDRONIC ACID	1512480	Ibandronate	RxNorm	
IBOPAMINE	19113028	ibopamine	RxNorm	
IBUPROFEN	1177480	Ibuprofen	RxNorm	
ICATIBANT	40242044	icatibant	RxNorm	
ICHTAMMOL	977949	ichthammol	RxNorm	
ICHTAMMOL/TITANE OXYDE/ZINC OXYDE				
ICHTAMMOL/ZINC OXYDE				
IDOXURIDINE	19078156	Idoxuridine	RxNorm	
IDROCILAMIDE	19018746	idrocilamide	RxNorm	
IFOSFAMIDE	19078187	Ifosfamide	RxNorm	
IMATINIB	1304107	imatinib	RxNorm	1
IMICIFUGAE RHIZOMA	42898407	Actaea cimicifuga root extract		2
IMICIFUGAE RHIZOMA	45776108	Cimicifuga simplex root extract		
IMIPRAMINE	778268	Imipramine	RxNorm	
IMIQUIMOD	981691	imiquimod	RxNorm	
IMMUNOGLOBULINS, NORMAL HUMAN, FOR EXTRAVASCULAR ADM.	36878861	 Human Immunoglobulins	RxNorm Extension	
IMMUNOGLOBULINS, NORMAL HUMAN, FOR INTRAVASCULAR ADM.	44012674	Human Immunoglobulins		
INDACATEROL	40240664	indacaterol	RxNorm	
INDACATEROLO E GLICOPIRRONIO BROMURO				
INDAPAMIDE	978555	Indapamide	RxNorm	
INDINAVIR	1711523	Indinavir	RxNorm	
INDOMETACIN	1178663	Indomethacin	RxNorm	
INFLIXIMAB	937368	infliximab	RxNorm	
INFLUENZA (VACCIN)	42903441	Influenza A virus	1	
INFLUENZA (VACCIN)	42903442	Influenza B virus	2	1
INFLUENZA, PURIFIED ANTIGEN	43013137	influenza A virus antigen, Panama 2007-99 (H3N2)		2
INFLUENZA, PURIFIED ANTIGEN	43013138	influenza B virus antigen, Hong Kong 330-2001		3
INFLUENZA, PURIFIED ANTIGEN	46275993	influenza A virus (H1N1) antigen		4
INFLUENZA, PURIFIED ANTIGEN	46275996	influenza A virus (H3N2) antigen		5
INFLUENZA, PURIFIED ANTIGEN	46275999	influenza B virus antigen		
INGENOL MEBUTATE	42709320	ingenol mebutate	RxNorm	
INOSINE PRANOBEX	19083285	Inosine Pranobex	RxNorm	
INSECTS				1
INSULIN (HUMAN)	1513849	Insulin, Zinc, Human		2
INSULIN (HUMAN)	1588986	insulin human, rDNA origin		3
INSULIN (HUMAN)	1596977	Regular Insulin, Human		
INSULIN ASPART	1567198	Insulin, Aspart, Human		
INSULIN DETEMIR	1516976	insulin detemir	RxNorm	
INSULIN GLARGINE	1502905	Insulin Glargine	RxNorm	
INSULIN GLULISINE	1544838	Insulin, Glulisine, Human		
INSULIN LISPRO	1550023	Insulin Lispro	RxNorm	
INTERFERON ALFA-2A	1379969	Interferon Alfa-2a	RxNorm	
INTERFERON ALFA-2A	40798893	Interferon Alfa-2c	RxNorm Extension	
INTERFERON ALFA-2A	1380068	Interferon Alfa-2b	RxNorm	
INTERFERON ALFA-2B	1380068	Interferon Alfa-2b	RxNorm	
INTERFERON ALFA-2B	40798893	Interferon Alfa-2c	RxNorm Extension	
INTERFERON ALFA-2B	1379969	Interferon Alfa-2a	RxNorm	
INTERFERON BETA-1A	713196	interferon beta-1b	RxNorm	
INTERFERON BETA-1A	722424	Interferon beta-1a	RxNorm	
INTERFERON BETA-1B	713196	interferon beta-1b	RxNorm	
INTERFERON BETA-1B	722424	Interferon beta-1a	RxNorm	1
INTERFERON GAMMA	42903737	Interferon gamma-1a		2
INTERFERON GAMMA	1380191	Interferon gamma-1b		
INTRAVAGINAL CONTRACEPTIVE WITH PROGESTOGENS AND ESTROGENS				
IOBITRIDOL	19053540	iobitridol	RxNorm	
IODINE	1780601	Iodine	RxNorm	
IODOFORM	40172365	iodoform	RxNorm	
IODURE DE SODIUM	19069873	Sodium Iodide		
IOHEXOL	19080985	Iohexol	RxNorm	
IOPROMIDE	19003206	iopromide	RxNorm	
IOVERSOL	19069131	ioversol	RxNorm	
IOXAGLIC ACID	19081316	Ioxaglate		
IOXITALAMIC ACID	19009054	meglumine ioxithalamate		
IPPOCASTANO SEMI	44818465	AESCULUS HIPPOCASTANUM SEED OIL		
IPRATROPIUM BROMIDE	1112921	Ipratropium		
IPRATROPIUM/SALBUTAMOL				
IPROCLOZIDE				
IRBESARTAN	1347384	irbesartan	RxNorm	
IRBESARTAN AND DIURETICS				
IRON AND MULTIVITAMINS				
IRON, VITAMIN B12 AND FOLIC ACID				
ISOCONAZOLE	19003491	isoconazole	RxNorm	
ISOFLURANE	782043	Isoflurane	RxNorm	
ISONIAZID	1782521	isoniazid	RxNorm	
ISOPRENALINE	1183554	Isoproterenol		
ISOPROPAMIDE	19058613	Isopropamide	RxNorm	
ISOPROPAMIDE AND PSYCHOLEPTICS				
ISOSORBIDE DINITRATE	1383925	Isosorbide Dinitrate	RxNorm	
ISOSORBIDE MONONITRATE	1383815	Isosorbide		
ISOTHIPENDYL	19003593	isothipendyl	RxNorm	
ISOTRETINOIN	984232	Isotretinoin	RxNorm	
ISOXSUPRINE	1384360	Isoxsuprine	RxNorm	
ISPAGHULA (PSYLLA SEEDS)	19132967	Ispaghula extract	RxNorm	
ISPAGHULA, COMBINATIONS				
ISRADIPINE	1326012	Isradipine	RxNorm	
ISTRELINA	1366773	histrelin	RxNorm	
ITRACONAZOLE	1703653	Itraconazole	RxNorm	
IVABRADINE	46234437	ivabradine	RxNorm	
IVERMECTINA	1784444	Ivermectin	RxNorm	
KAOLIN/TITANE OXYDE/ZINC OXYDE				
KETAMINE	785649	Ketamine	RxNorm	
KETANSERIN	19085688	Ketanserin	RxNorm	
KETAZOLAM	19003946	ketazolam	RxNorm	
KETOCONAZOLE	985708	Ketoconazole	RxNorm	
KETOPROFEN	1185922	Ketoprofen	RxNorm	
KETOROLAC	1136980	Ketorolac	RxNorm	
KETOTIFEN	986117	Ketotifen	RxNorm	
LABETALOL	1386957	Labetalol	RxNorm	
LACIDIPINE	19004539	lacidipine	RxNorm	
LACOSAMIDE	19087394	lacosamide	RxNorm	
LACTIC ACID	19011035	Lactate		
LACTIC ACID PRODUCING ORGANISMS	987128	Lactobacillus	RxNorm	
LACTIC ACID PRODUCING ORGANISMS, COMBINATIONS	987128	Lactobacillus		
LACTITOL	19071236	lactitol	RxNorm	
LACTULOSE	987245	Lactulose	RxNorm	
LACTULOSE, COMBINATIONS				
LAMIVUDINA ABACAVIR E DOLUTEGRAVIR				
LAMIVUDINE	1704183	Lamivudine	RxNorm	
LAMIVUDINE AND ABACAVIR				
LAMOTRIGINE	705103	lamotrigine	RxNorm	
LANREOTIDE	1503501	lanreotide	RxNorm	
LANSOPRAZOLE	929887	lansoprazole	RxNorm	
LANTHANUM CARBONATE	990028	lanthanum carbonate	RxNorm	
LATANOPROST	954688	latanoprost	RxNorm	
LAURILSULFATE, INCL. COMBINATIONS				
LEFLUNOMIDE	1101898	leflunomide	RxNorm	
LENALIDOMIDE	19026972	lenalidomide	RxNorm	
LENOGRASTIM	19009705	lenograstim	RxNorm	
LERCANIDIPINE	19015802	lercanidipine	RxNorm	
LETROZOLE	1315946	letrozole	RxNorm	
LEUPRORELIN	1351541	 Leuprolide		
LEVAMISOLE	1389464	Levamisole	RxNorm	
LEVETIRACETAM	711584	Levetiracetam	RxNorm	
LEVOBUNOLOL	932815	Levobunolol	RxNorm	
LEVOBUPIVACAINE	19098741	Levobupivacaine	RxNorm	
LEVOCABASTINE	907553	levocabastine	RxNorm	
LEVOCETIRIZINE	1136422	levocetirizine	RxNorm	
LEVODOPA AND DECARBOXYLASE INHIBITOR				
LEVODOPA, DECARBOXYLASE INHIBITOR AND COMT INHIBITOR				
LEVODOPA/CARBIDOPA/ENTACAPONE				
LEVODROPROPIZINE	40798914	Levodropropizine	RxNorm Extension	
LEVOFLOXACIN	1742253	Levofloxacin	RxNorm	
LEVOMEPROMAZINE	19005147	Methotrimeprazine		
LEVONORGESTREL	1589505	Levonorgestrel	RxNorm	
LEVONORGESTREL AND ESTROGEN				
LEVOSULPIRIDE	19136626	Sulpiride		
LEVOTHYROXINE SODIUM	1501700	levothyroxine	RxNorm	
LIDOCAINE	989878	Lidocaine	RxNorm	
LIDOCAINE, COMBINATIONS				
LINACLOTIDE	42900505	linaclotide	RxNorm	
LINAGLIPTIN	40239216	Linagliptin	RxNorm	
LINCOMYCIN	1790692	Lincomycin	RxNorm	
LINDANE	916751	Lindane	RxNorm	
LINEZOLID	1736887	linezolid	RxNorm	
LIQUID PARAFFIN	998394	Heavy mineral oil	RxNorm	
LIQUID PARAFFIN, COMBINATIONS				
LIRAGLUTIDE	40170911	liraglutide	RxNorm	
LISINOPRIL	1308216	Lisinopril	RxNorm	
LISINOPRIL AND DIURETICS				
LITHIUM	19124477	Lithium	RxNorm	
LITHIUM SUCCINATE	19071904	lithium succinate	RxNorm	
LIXISENATIDE	44506754	Lixisenatide	RxNorm	
LODOXAMIDE	967496	Lodoxamide	RxNorm	
LOMEFLOXACINA	1707800	lomefloxacin	RxNorm	
LOPERAMIDE	991876	Loperamide	RxNorm	
LOPERAMIDE, COMBINATIONS				
LOPINAVIR E RITONAVIR				
LOPRAZOLAM	19042550	triazulenone		
LORATADINE	1107830	Loratadine	RxNorm	
LORAZEPAM	791967	Lorazepam	RxNorm	
LORMETAZEPAM	19007977	lormetazepam	RxNorm	
LOSARTAN	1367500	Losartan	RxNorm	
LOSARTAN AND DIURETICS				
LOSARTAN/HYDROCHLOROTHIAZIDE				
LUMIRACOXIB	36878856	Lumiracoxib	RxNorm Extension	
LYMECYCLINE	19092353	Lymecycline	RxNorm	
LYNESTRENOL	19092358	Lynestrenol	RxNorm	
LYNESTRENOL AND ESTROGEN				
LYSAT BACTERIEN				
LYSOZYME	43532424	lysozyme	RxNorm	
MACITENTAN	44507580	Macitentan	RxNorm	
MACROGOL	948515	Polyethylene Glycols		
MACROGOL, COMBINATIONS				
MAGALDRATE	908360	magaldrate	RxNorm	
MAGNESIUM CHLORIDE	19092849	Magnesium Chloride	RxNorm	
MAGNESIUM GLUCONATE	19067971	MAGNESIUM GLUCONATE	RxNorm	
MAGNESIUM LACTATE	19051926	Magnesium lactate	RxNorm	
MAGNESIUM SULFATE	19093848	Magnesium Sulfate	RxNorm	
MALATHION	993979	Malathion	RxNorm	
MANDELIC ACID	19008870	mandelic acid	RxNorm	
MANGAFODIPIR	19092105	MANGAFODIPIR	RxNorm	
MAPROTILINE	794147	Maprotiline	RxNorm	
MARAVIROC	1787101	maraviroc	RxNorm	
MEASLES, COMBINATIONS WITH MUMPS AND RUBELLA, LIVE ATTENUATED				
MEASLES, COMBINATIONS WITH MUMPS, RUBELLA AND VARICELLA, LIVE ATTENUATED				
MEASLES, LIVE ATTENUATED	590675	MEASLES VIRUS VACCINE,LIVE ATTENUATED		
MEBENDAZOLE	1794280	Mebendazole	RxNorm	
MEBEVERINE	19008994	mebeverine	RxNorm	
MECLOZINE	994341	Meclizine	RxNorm	
MECLOZINE, COMBINATIONS				
MEDICINAL CHARCOAL	1701928	Activated Charcoal		
MEDROGESTONE	19000207	Medrogestone	RxNorm	
MEDROGESTONE AND ESTROGEN				
MEDROXYPROGESTERONE	1500211	Medroxyprogesterone	RxNorm	
MEDROXYPROGESTERONE AND ESTROGEN				
MEFLOQUINE	19000498	Mefloquine	RxNorm	
MEGESTROL	1300978	Megestrol	RxNorm	
MELATONIN	1301152	Melatonin	RxNorm	
MELISSE/VALERIANE				
MELITRACEN	19110751	MELITRACEN	RxNorm	
MELITRACEN AND PSYCHOLEPTICS				
MELOXICAM	1150345	meloxicam	RxNorm	
MELPERONE	19072088	metylperon		
MELPHALAN	1301267	Melphalan	RxNorm	
MEMANTINE	701322	Memantine	RxNorm	
MENINGOCOCCUS C, PURIFIED POLYSACCHARIDES ANTIGEN CONJUGATED	509081	meningococcal group C polysaccharide		
MENINGOCOCCUS, BIVALENT PURIFIED POLYSACCHARIDES ANTIGEN				
MENINGOCOCCUS, TETRAVALENT PURIFIED POLYSACCHARIDES ANTIGEN				
MENINGOCOCCUS, TETRAVALENT PURIFIED POLYSACCHARIDES ANTIGEN CONJUGATED				
MENTHE	43532055	Mint extract		
MEPARTRICIN				
MEPIVACAINE	702774	Mepivacaine	RxNorm	
MEPOLIZUMAB	35606631	mepolizumab	RxNorm	
MEPROBAMATE	702865	Meprobamate	RxNorm	
MEQUITAZINE	19009145	mequitazine	RxNorm	
MERCAPTOPURINE	1436650	mercaptopurine	RxNorm	
MERCUROCHROME	1703026	Merbromin		1
MERCURY COMPOUNDS	36878850	OMOP998537	Homeopathic mercurius vivus	2
MERCURY COMPOUNDS	36879141	OMOP999760	Homeopathic mercurius solubilis	
MEROPENEM	1709170	meropenem	RxNorm	
MESALAZINE	968426	mesalamine	RxNorm	
MESNA	1354698	Mesna	RxNorm	
MESTEROLONE	19003140	Mesterolone	RxNorm	
METAMIZOLE SODIUM	19031397	Dipyrone		
METENOLONE	19004621	Methenolone	RxNorm	
METFORMIN	1503297	Metformin	RxNorm	
METFORMIN AND ROSIGLITAZONE				
METFORMIN AND SITAGLIPTIN				
METFORMIN AND SULFONAMIDES				
METFORMIN AND VILDAGLIPTIN				
METFORMINA E ALOGLIPTIN				
METFORMINA E CANAGLIFLOZIN				
METFORMINA E LINAGLIPTIN				
METFORMINA E SAXAGLIPTIN				
METFORMINA ED EMPAGLIFLOZIN				
METHADONE	1103640	Methadone	RxNorm	
METHADONE, COMBINATIONS EXCL. PSYCHOLEPTICS				
METHENAMINE	904356	Methenamine	RxNorm	
METHOTREXATE	1305058	Methotrexate	RxNorm	
METHOTREXATE - ORAL FORMULATIONS	1305058	Methotrexate	RxNorm	
METHOXSALEN	905223	Methoxsalen	RxNorm	
METHOXY POLYETHYLENE GLYCOL EPOETIN BETA	19015768	Methoxy polyethylene glycol-epoetin beta	RxNorm	9
METHYL AMINOLEVULINATE	19025194	methyl 5-aminolevulinate		
METHYLDOPA (LEVOROTATORY)	1305447	Methyldopa		
METHYLERGOMETRINE	1305637	Methylergonovine	RxNorm	
METHYLNALTREXONE	909841	methylnaltrexone	RxNorm	
METHYLPHENIDATE	705944	Methylphenidate	RxNorm	
METHYLPREDNISOLONE	1506270	Methylprednisolone	RxNorm	
METHYLPREDNISOLONE ACEPONATE	1506270	Methylprednisolone		
METHYLTHIONINIUM CHLORIDE	905518	 Methylene blue		
METHYSERGIDE	1106740	Methysergide	RxNorm	
METILDIGOXIN	1326303	Digoxin		
METIPRANOLOL	905531	Metipranolol	RxNorm	
METIPRANOLOL, COMBINATIONS				
METOCLOPRAMIDE	906780	Metoclopramide	RxNorm	
METOPIMAZINE	19072087	metopimazine	RxNorm	
METOPROLOL	1307046	Metoprolol	RxNorm	
METOPROLOL AND OTHER ANTIHYPERTENSIVES				
METOPROLOL AND OTHER DIURETICS				
METOPROLOL AND THIAZIDES				
METRONIDAZOLE	1707164	Metronidazole	RxNorm	
MEXILETINE	1307542	Mexiletine	RxNorm	
MIANSERIN	19007737	Mianserin	RxNorm	
MICONAZOLE	907879	Miconazole	RxNorm	
MICONAZOLE, COMBINATIONS				
MIDAZOLAM	708298	Midazolam	RxNorm	
MIFEPRISTONE	1508439	Mifepristone	RxNorm	
MILLEPERTUIS	1398039	ST. JOHN'S WORT EXTRACT	RxNorm	
MINOCYCLINE	1708880	Minocycline	RxNorm	
MINOXIDIL	1309068	Minoxidil	RxNorm	
MIOCAMYCIN	19009138	Miocamycin	RxNorm	
MIRABEGRON	42873636	mirabegron	RxNorm	
MIRTAZAPINE	725131	Mirtazapine	RxNorm	
MISOPROSTOL	1150871	Misoprostol	RxNorm	
MITOMYCIN	1389036	Mitomycin	RxNorm	
MITOTANE	1309161	Mitotane	RxNorm	
MIVACURIUM CHLORIDE	19010459	 mivacurium		
MIZOLASTINE	19086100	mizolastine	RxNorm	
MOCLOBEMIDE	19010652	Moclobemide	RxNorm	
MODAFINIL	710650	modafinil	RxNorm	
MOLSIDOMINE	19009819	Molsidomine	RxNorm	
MOMETASONE	905233	Mometasone	RxNorm	
MONTELUKAST	1154161	montelukast	RxNorm	
MORPHINE	1110410	Morphine	RxNorm	
MORPHINE, COMBINATIONS				
MOXIFLOXACIN	1716903	moxifloxacin	RxNorm	
MOXIFLOXACINA	1716903	moxifloxacin	RxNorm	
MOXONIDINE	19011021	moxonidine	RxNorm	
MULTIENZYMES (LIPASE, PROTEASE ETC.)				
MULTIENZYMES AND ACID PREPARATIONS				
MULTIVITAMINS AND IRON				
MULTIVITAMINS AND OTHER MINERALS, INCL. COMBINATIONS				
MUPIROCIN	951511	Mupirocin	RxNorm	
MYCOPHENOLIC ACID	19012565	Mycophenolic Acid	RxNorm	
NABUMETONE	1113648	nabumetone	RxNorm	
NADOLOL	1313200	Nadolol	RxNorm	
NADROPARIN	19001014	Nadroparin	RxNorm	
NAFTAZONE	19080493	naftazone	RxNorm	
NAFTIDROFURYL	19014035	Nafronyl		
NALMEFENE	19014158	nalmefene	RxNorm	
NALOXONE	1114220	Naloxone	RxNorm	
NALTREXONE	1714319	Naltrexone	RxNorm	
NANDROLONE	1514412	Nandrolone	RxNorm	
NAPHAZOLINE	914533	Naphazoline	RxNorm	
NAPHAZOLINE, COMBINATIONS				
NAPHAZOLINE, COMBINATIONS EXCL. CORTICOSTEROIDS				
NAPROXEN	1115008	Naproxen	RxNorm	
NAPROXEN AND ESOMEPRAZOLE				
NARATRIPTAN	1118117	naratriptan	RxNorm	
NATALIZUMAB	735843	natalizumab	RxNorm	
NATURAL PHOSPHOLIPIDS	19004764	Colfosceril		
NEBIVOLOL	1314577	nebivolol	RxNorm	
NEBIVOLOL AND THIAZIDES				
NEFOPAM	19015602	Nefopam	RxNorm	
NELFINAVIR	1715472	Nelfinavir	RxNorm	
NEOMYCIN	915981	Neomycin	RxNorm	
NEOSTIGMINE	717136	Neostigmine	RxNorm	
NEPAFENAC	909795	nepafenac	RxNorm	
NETILMICIN	19017585	Netilmicin	RxNorm	
NEVIRAPINE	1769389	Nevirapine	RxNorm	
NIALAMIDE	19127550	Nialamide	RxNorm	
NICARDIPINE	1318137	Nicardipine	RxNorm	
NICLOSAMIDE	19018416	Niclosamide	RxNorm	
NICOTINAMIDE	19018419	Niacinamide		
NICOTINE	718583	Nicotine	RxNorm	
NICOTINIC ACID, COMBINATIONS				
NIFEDIPINE	1318853	Nifedipine	RxNorm	
NIFLUMIC ACID	19019023	Niflumic Acid	RxNorm	
NIFUROXAZIDE	19015144	nifuroxazide	RxNorm	
NIFURTOINOL	40798981	Nifurtoinol	RxNorm Extension	
NIMESULIDE	19069425	nimesulide	RxNorm	
NIMODIPINE	1319133	Nimodipine	RxNorm	
NIMORAZOLE	19019176	Nimorazole	RxNorm	
NISOLDIPINE	1319880	Nisoldipine	RxNorm	
NITRAZEPAM	19020021	Nitrazepam	RxNorm	
NITRENDIPINE	19020061	Nitrendipine	RxNorm	
NITROFURAL	40798978	Nitrofural	RxNorm Extension	
NITROFURANTOIN	920293	Nitrofurantoin	RxNorm	
NIZATIDINE	950696	Nizatidine	RxNorm	
NOMEGESTROL	19015533	nomegestrol	RxNorm	
NOMEGESTROL AND ESTROGEN				
NOMEGESTROLO ED ESTROGENI				
NORDAZEPAM	19080959	Nordazepam	RxNorm	
NORELGESTROMIN AND ESTROGEN				
NOREPINEPHRINE	1321341	Norepinephrine	RxNorm	
NORETHISTERONE	1521369	Norethindrone	RxNorm	
NORETHISTERONE AND ESTROGEN				
NORFLOXACIN	1721543	Norfloxacin	RxNorm	
NORFLOXACINA	1721543	Norfloxacin	RxNorm	
NORGESTIMATE AND ESTROGEN				
NORGESTREL AND ESTROGEN				
NORTRIPTYLINE	721724	Nortriptyline	RxNorm	
NOSCAPINE	19021930	Noscapine	RxNorm	
NYSTATIN	922570	Nystatin	RxNorm	
NYSTATIN, COMBINATIONS				
OCTREOTIDE	1522957	Octreotide	RxNorm	
OFLOXACIN	923081	Ofloxacin	RxNorm	
OFLOXACINA	923081	Ofloxacin	RxNorm	
OLANZAPINE	785788	olanzapine	RxNorm	
OLEYL POLYPEPTIDE				
OLMESARTAN MEDOXOMIL	40226742	olmesartan		
OLMESARTAN MEDOXOMIL AND AMLODIPINE				
OLMESARTAN MEDOXOMIL AND DIURETICS				
OLMESARTAN MEDOXOMIL, AMLODIPINE AND HYDROCHLOROTHIAZIDE				
OLMESARTAN SANDOZ	40226742	olmesartan	RxNorm	
OLODATEROLO E TIOTROPIO BROMURO				
OLOPATADINE	915855	olopatadine	RxNorm	
OMALIZUMAB	1110942	omalizumab	RxNorm	
OMEGA-3-TRIGLYCERIDES INCL. OTHER ESTERS AND ACIDS				
OMEPRAZOL SANDOZ PI PHARMA	923645	Omeprazole	RxNorm	
OMEPRAZOLE	923645	Omeprazole	RxNorm	
OMOCONAZOLE	19016974	omoconazole	RxNorm	
ONDANSETRON	1000560	Ondansetron	RxNorm	
OPIUM DERIVATIVES AND EXPECTORANTS				
ORDINARY SALT COMBINATIONS				
ORDINARY SALT COMBINATIONS AND ANTIFLATULENTS				
ORGANO-HEPARINOID				
ORLISTAT	741530	orlistat	RxNorm	
ORNIDAZOLE	19024197	Ornidazole	RxNorm	
ORPHENADRINE (CHLORIDE)	724394	Orphenadrine	RxNorm	
ORPHENADRINE (CITRATE)	724394	Orphenadrine	RxNorm	
OSELTAMIVIR	1799139	Oseltamivir	RxNorm	
OTHER PREPARATIONS, COMBINATIONS				
OTILONIUM BROMIDE	19016099	octylonium	RxNorm	
OXACILLIN	1724703	Oxacillin	RxNorm	
OXALIPLATIN	1318011	oxaliplatin	RxNorm	
OXAPROZIN	1118045	oxaprozin	RxNorm	
OXATOMIDE	19071314	oxatomide	RxNorm	
OXAZEPAM	724816	Oxazepam	RxNorm	
OXCARBAZEPINE	718122	oxcarbazepine	RxNorm	
OXETORONE	19082880	oxetorone	RxNorm	
OXITROPIUM BROMIDE	19018882	oxitropium	RxNorm	
OXOLINIC ACID	19129642	Oxolinic Acid	RxNorm	
OXOMEMAZINE	36879152	Oxomemazine	RxNorm Extension	
OXPRENOLOL	19024904	Oxprenolol	RxNorm	
OXYBUPROCAINE	935529	Benoxinate	RxNorm	
OXYBUTYNIN	918906	oxybutynin	RxNorm	
OXYCODONE	1124957	Oxycodone	RxNorm	
OXYCODONE, COMBINATIONS				
OXYGEN	19025274	Oxygen	RxNorm	
OXYMETAZOLINE	925636	Oxymetazoline	RxNorm	
OXYQUINOLINE	906874	Oxyquinoline	RxNorm	
OXYTETRACYCLINE	925952	Oxytetracycline	RxNorm	
OXYTOCIN	1326115	Oxytocin	RxNorm	
PACLITAXEL	1378382	Paclitaxel	RxNorm	
PALIPERIDONE	703244	paliperidone	RxNorm	
PAMIDRONIC ACID	1511646	pamidronate		1
PANAX GINSENG	1593982	Panax ginseng leaf extract		2
PANAX GINSENG	42899596	Panax ginseng flower extract		3
PANAX GINSENG	42899597	Panax ginseng fruit extract		4
PANAX GINSENG	42899598	Panax ginseng root water extract		5
PANAX GINSENG	43013750	 Panax ginseng whole extract		
PANCURONIUM	19026674	Pancuronium	RxNorm	
PANTOMED PI PHARMA	948078	pantoprazole		
PANTOPRAZOLE	948078	pantoprazole	RxNorm	
PAPAVERINE	1326901	Papaverine	RxNorm	
PAPILLOMAVIRUS (HUMAN TYPES 16, 18)				
PAPILLOMAVIRUS (HUMAN TYPES 6, 11, 16, 18)	42899116	Human Papillomavirus		
PAPILLOMAVIRUS TIPI UMANI 6 11 16 18 31 33 45 52 58	42899116	Human Papillomavirus		
PARACETAMOL	1125315	Acetaminophen	RxNorm	
PARACETAMOL, COMBINATIONS EXCL. PSYCHOLEPTICS				
PAROMOMYCIN	1727443	Paromomycin	RxNorm	
PAROXETINE	722031	Paroxetine	RxNorm	
PASSIFLORE	1306905	Passion flower extract	RxNorm	
PECTIN	922191	pectin	RxNorm	
PEFLOXACIN	19027679	Pefloxacin	RxNorm	
PEGFILGRASTIM	1325608	pegfilgrastim	RxNorm	
PEGINTERFERON ALFA-2A	1714165	peginterferon alfa-2a	RxNorm	
PEGINTERFERON ALFA-2A	1797155	peginterferon alfa-2b	RxNorm	
PEGINTERFERON ALFA-2B	1797155	peginterferon alfa-2b	RxNorm	
PEGINTERFERON ALFA-2B	1714165	peginterferon alfa-2a	RxNorm	
PEGINTERFERONE BETA 1A	45775146	peginterferon beta-1a		
PEGVISOMANT	1503432	pegvisomant	RxNorm	
PELARGONIUM SIDOIDES EXTRAIT FLUIDE (EPS 7630)	42899638	Pelargonium sidoides root extract	RxNorm	
PELARGONIUM SIDOIDES EXTRAIT SEC (EPS 7630)	42899638	Pelargonium sidoides root extract	RxNorm	1
PELARGONIUM SPECIES	1718174	Pelargonium roseum oil		2
PELARGONIUM SPECIES	42899636	 Pelargonium graveolens flower oil		3
PELARGONIUM SPECIES	42899637	Pelargonium graveolens flowering top extract		4
PELARGONIUM SPECIES	42899638	 Pelargonium sidoides root extract		5
PELARGONIUM SPECIES	44507723	 Pelargonium graveolens whole extract		
PEMOLINE	727835	Pemoline	RxNorm	
PENCICLOVIR	981654	penciclovir	RxNorm	
PENFLURIDOL	19028044	Penfluridol	RxNorm	
PENICILLAMINE	19028050	Penicillamine	RxNorm	
PENTAMIDINE ISETHIONATE	1730370	Pentamidine	RxNorm	
PENTAZOCINE	1130585	Pentazocine	RxNorm	
PENTOXIFYLLINE	1331247	Pentoxifylline	RxNorm	
PENTOXYVERINE	1140640	carbetapentane		
PERAMPANEL	42904177	perampanel	RxNorm	
PERGOLIDE	732309	Pergolide	RxNorm	
PERINDOPRIL	1373225	Perindopril	RxNorm	
PERINDOPRIL AMLODIPINA E INDAPAMIDE				
PERINDOPRIL AND AMLODIPINE				
PERINDOPRIL AND DIURETICS				
PERINDOPRIL E BISOPROLOLO				
PERMETHRIN	922868	Permethrin	RxNorm	
PERMETHRIN, COMBINATIONS				
PERPHENAZINE	733008	Perphenazine	RxNorm	
PERTUSSIS, INACTIVATED, WHOLE CELL, COMBINATIONS WITH TOXOIDS	46221326	Bordetella pertussis		
PERTUSSIS, PURIFIED ANTIGEN, COMBINATIONS WITH TOXOIDS				
PETHIDINE	1102527	Meperidine		
PHENAZOPYRIDINE	933724	Phenazopyridine	RxNorm	
PHENELZINE	733896	Phenelzine	RxNorm	
PHENETURIDE				
PHENOBARBITAL	734275	Phenobarbital	RxNorm	
PHENOXYBENZAMINE	1335301	Phenoxybenzamine	RxNorm	
PHENOXYMETHYLPENICILLIN	1729720	Penicillin V		
PHENPROCOUMON	19035344	Phenprocoumon	RxNorm	
PHENTERMINE	735340	Phentermine	RxNorm	
PHENYLBUTAZONE	1135710	Phenylbutazone	RxNorm	
PHENYLEPHRINE	917446	PHENYLEHRINE	RxNorm	
PHENYLEPHRINE	1135766	Phenylephrine	RxNorm	
PHENYLEPHRINE, COMBINATIONS				
PHENYLEPHRINE, COMBINATIONS EXCL. CORTICOSTEROIDS				
PHENYLPROPANOLAMINE, COMBINATIONS				
PHENYTOIN	740910	Phenytoin	RxNorm	
PHENYTOIN, COMBINATIONS				
PHLOROGLUCINOL	19041222	Phloroglucinol	RxNorm	
PHOLCODINE	19024213	pholcodine	RxNorm	
PHOLCODINE/SULFOGAIACOL				
PHYTOMENADIONE	19044727	Vitamin K 1	RxNorm	
PILOCARPINE	945286	Pilocarpine	RxNorm	
PIMECROLIMUS	915935	Pimecrolimus	RxNorm	
PIMOZIDE	745790	Pimozide	RxNorm	
PINAVERIUM	19025198	pinaverium	RxNorm	
PINDOLOL	1345858	Pindolol	RxNorm	
PINDOLOL AND OTHER DIURETICS				
PIOGLITAZONE	1525215	pioglitazone	RxNorm	
PIPAMPERONE	19093225	pipamperone	RxNorm	
PIPERACILLIN AND ENZYME INHIBITOR				
PIPOTIAZINE	19133992	pipothiazine	RxNorm	
PIRACETAM	19046654	Piracetam	RxNorm	
PIRBUTEROL	1125449	pirbuterol	RxNorm	
PIRFENIDONE	45775206	pirfenidone	RxNorm	
PIRITRAMIDE	40799025	Piritramide	RxNorm Extension	
PIROXICAM	1146810	Piroxicam	RxNorm	
PIVMECILLINAM	19088223	Amdinocillin Pivoxil	RxNorm	
PIZOTIFEN	19047076	Pizotyline		
PLASTIC IUD WITH COPPER	0			
PLASTIC IUD WITH PROGESTOGENS	0			
PNEUMOCOCCUS PURIFIED POLYSACCHARIDES ANTIGEN AND HAEMOPHILUS INFLUENZAE, CONJUGATED				
PNEUMOCOCCUS, PURIFIED POLYSACCHARIDES ANTIGEN	36879032	Pneumococcal Purified Capsular Polysaccharides		
PNEUMOCOCCUS, PURIFIED POLYSACCHARIDES ANTIGEN CONJUGATED				
PODOPHYLLOTOXIN	947705	podofilox	RxNorm	
POLIDOCANOL	40175900	polidocanol	RxNorm	
POLIOMYELITIS ORAL, TRIVALENT, LIVE ATTENUATED	43532418	Human poliovirus		
POLIOMYELITIS, TRIVALENT, INACTIVATED, WHOLE VIRUS				
POLYESTRADIOL PHOSPHATE	19094980	polyestradiol	RxNorm	
POLYSTYRENE SULFONATE	45775570	polystyrene sulfonate	RxNorm	
POLYTHIAZIDE	948787	Polythiazide	RxNorm	
POSACONAZOLE	1704139	posaconazole	RxNorm	
POTASSIUM CANRENOATE	19123864	 Canrenoate		
POTASSIUM CHLORIDE	19049105	Potassium Chloride	RxNorm	
POTASSIUM CLORAZEPATE	790253	clorazepate		
POTASSIUM GLUCONATE	19059547	Potassium gluconate	RxNorm	
POTASSIUM IODIDE	19049909	Potassium Iodide	RxNorm	
POTASSIUM PHOSPHATE, INCL. COMBINATIONS WITH OTHER POTASSIUM SALTS				
POVIDONE-IODINE	19114603	Providone-Iodine	RxNorm	
POVIDONE-IODINE	1750087	Povidone-Iodine	RxNorm	
PRAMIPEXOLE	720810	Pramipexole	RxNorm	
PRAMOCAINE	927478	pramoxine		
PRANOPROFEN				
PRASUGREL	40163718	prasugrel	RxNorm	
PRAVASTATIN	1551860	Pravastatin	RxNorm	
PRAVASTATIN AND FENOFIBRATE				
PRAZEPAM	19050461	Prazepam	RxNorm	
PRAZOSIN	1350489	Prazosin	RxNorm	
PREDNISOLONE	1550557	prednisolone	RxNorm	
PREDNISOLONE AND ANTIINFECTIVES				
PREDNISOLONE, COMBINATIONS				
PREDNISONE	1551099	Prednisone	RxNorm	
PREGABALIN	734354	pregabalin	RxNorm	
PRILOCAINE	951279	Prilocaine	RxNorm	
PRILOCAINE, COMBINATIONS				
PRIMIDONE	751347	Primidone	RxNorm	
PRISTINAMYCIN	19125201	Pristinamycin	RxNorm	
PROCAINE	751698	Procaine	RxNorm	
PROCAINE, COMBINATIONS				
PROCYCLIDINE	752276	Procyclidine	RxNorm	
PROGESTERONE	1552310	Progesterone	RxNorm	
PROGESTERONE AND ESTROGEN				
PROGLUMETACIN	19029327	proglumetacin	RxNorm	
PROGUANIL	1792429	Proguanil	RxNorm	
PROGUANIL, COMBINATIONS				
PROLINTANE	19029018	prolintane	RxNorm	
PROMAZINE	19052903	Promazine	RxNorm	
PROMETHAZINE	1153013	Promethazine	RxNorm	
PROPACETAMOL				
PROPAFENONE	1353256	Propafenone	RxNorm	
PROPANOL, COMBINATIONS				
PROPANTHELINE	953391	Propantheline	RxNorm	
PROPIVERINE	19077093	propiverine	RxNorm	
PROPOFOL	753626	Propofol	RxNorm	
PROPRANOLOL	1353766	Propranolol	RxNorm	
PROPRANOLOL AND THIAZIDES				
PROPYLTHIOURACIL	1554072	Propylthiouracil	RxNorm	
PROPYPHENAZONE, COMBINATIONS EXCL. PSYCHOLEPTICS				
PROTAMINE	19056631	Protamone	RxNorm	
PROTAMINE	19054245	Protamines	RxNorm	
PROTHIPENDYL	19115044	prothipendyl	RxNorm	
PROTIRELIN	19001701	Thyrotropin-Releasing Hormone		
PROXYMETACAINE	929504	proparacaine		
PRUCALOPRIDE	36878772	Prucalopride	RxNorm Extension	
PSEUDOEPHEDRINE	1154332	Pseudoephedrine	RxNorm	
PSEUDOEPHEDRINE, COMBINATIONS				
PYGEUM AFRICANUM	19079011	African Pygeum Extract		
PYRAZINAMIDE	1759455	Pyrazinamide	RxNorm	
PYRIDOSTIGMINE	759740	Pyridostigmine	RxNorm	1
PYRIDOXINE (VIT B6)	1353228	Vitamin B6		2
PYRIDOXINE (VIT B6)	19005046	pyridoxine		
PYRIDOXINE/THIAMINE				
PYRIMETHAMINE	1760039	Pyrimethamine	RxNorm	
PYRITHYLDIONE	40799066	Pyrithyldione	RxNorm Extension	
QUETIAPINE	766814	quetiapine	RxNorm	
QUINAGOLIDE	19024140	quinagolide	RxNorm	
QUINAPRIL	1331235	quinapril	RxNorm	
QUINAPRIL AND DIURETICS				
QUINIDINE	1360421	Quinidine	RxNorm	
RABEPRAZOLE	911735	rabeprazole	RxNorm	
RABIES, INACTIVATED, WHOLE VIRUS	46234308	Rabies virus		
RALOXIFENE	1513103	Raloxifene	RxNorm	
RALTEGRAVIR	1712889	raltegravir	RxNorm	
RALTITREXED	19038536	raltitrexed	RxNorm	
RAMIPRIL	1334456	Ramipril	RxNorm	
RAMIPRIL AND DIURETICS				
RAMIPRIL AND FELODIPINE				
RANIBIZUMAB	19080982	ranibizumab	RxNorm	
RANITIDINE	961047	Ranitidine	RxNorm	
RANITIDINE BISMUTH CITRATE				
RASAGILINE	715710	rasagiline	RxNorm	
RASBURICASE	1304565	Rasburicase	RxNorm	
REBOXETINE	19084693	reboxetine	RxNorm	
REPAGLINIDE	1516766	repaglinide	RxNorm	
RETAPAMULIN	991003	retapamulin	RxNorm	
RETIGABINE	40239995	ezogabine		
RETINOL (VIT A)	19008339	Vitamin A	RxNorm	
RETINYL ACETATE	19008339	Vitamin A		
RHODIOLA ROSEA	40799076	Rhodiola Rosea	RxNorm Extension	
RIBAVIRIN	1762711	Ribavirin	RxNorm	
RIBOFLAVIN (VIT B2)	19062817	 Riboflavin		
RIFABUTIN	1777417	Rifabutin	RxNorm	
RIFAMPICIN	1763204	Rifampin	RxNorm	
RIFAMYCIN	19136008	Rifamycins	RxNorm	
RIFAMYCINE	19136008	Rifamycins	RxNorm	
RIFAXIMIN	1735947	rifaximin	RxNorm	
RILPIVIRINA	40238930	Rilpivirine	RxNorm	
RILUZOLE	735951	Riluzole	RxNorm	
RIMEXOLONE	977421	rimexolone	RxNorm	
RIMONABANT	36878933	Rimonabant	RxNorm Extension	
RISEDRONIC ACID	19115051	risedronic acid	RxNorm	
RISEDRONIC ACID, CALCIUM AND COLECALCIFEROL, SEQUENTIAL				
RISPERIDONE	735979	Risperidone	RxNorm	
RITODRINE	1563413	Ritodrine	RxNorm	
RITONAVIR	1748921	Ritonavir	RxNorm	
RITUXIMAB	1314273	rituximab	RxNorm	
RIVAROXABAN	40241331	rivaroxaban	RxNorm	
RIVASTIGMINE	733523	rivastigmine	RxNorm	
RIZATRIPTAN	1154077	rizatriptan	RxNorm	
ROCURONIUM BROMIDE	19003953	Rocuronium		
ROFECOXIB	1189754	rofecoxib	RxNorm	
ROPINIROLE	713823	ropinirole	RxNorm	
ROPIVACAINE	1136487	ropivacaine	RxNorm	
ROSIGLITAZONE	1547504	rosiglitazone	RxNorm	
ROSUVASTATIN	1510813	rosuvastatin	RxNorm	
ROTA VIRUS, LIVE ATTENUATED	19032599	Rotavirus Vaccine, Live Attenuated, G1P[8] Human 89-12 strain		
ROTA VIRUS, PENTAVALENT, LIVE, REASSORTED	597056	ROTAVIRUS VACCINE, LIVE		
ROTIGOTINE	786426	Rotigotine	RxNorm	
ROXITHROMYCIN	19063874	Roxithromycin	RxNorm	
RUBELLA, LIVE ATTENUATED	43012953	1365969	Rubella virus	
RUBELLA, LIVE ATTENUATED	523212	762817	Rubella Virus Vaccine Live (Wistar RA 27-3 Strain)	
RUBELLA, LIVE ATTENUATED	19136026	9486	Rubella virus vaccine	
RUPATADINE	36879144	Rupatadine	RxNorm Extension	
SACCHARATED IRON OXIDE	1395773	iron sucrose	RxNorm	
SACCHAROMYCES BOULARDII	991855	Saccharomyces boulardii	RxNorm	
SAFINAMIDE	1594333	safinamide	RxNorm	
SAFINAMIDE	40799083	Safinamide	RxNorm Extension	
SALBUTAMOL	1154343	Albuterol	RxNorm	
SALBUTAMOLO E IPRATROPIO BROMURO				
SALICYLATE	964407	Salicylic Acid		
SALICYLATE DE GLYCOL/LIDOCAINE/NICOTINATE DE METHYLE				
SALICYLATE DE GLYCOL/MEPHENESINE/NICOTINATE DE METHYLE				
SALMETEROL	1137529	salmeterol	RxNorm	
SALMETEROL AND OTHER ANTI-ASTHMATICS				
SALMETEROLO E BUDESONIDE				
SAPROPTERIN	19021959	Sapropterin	RxNorm	
SAQUINAVIR	1746244	Saquinavir	RxNorm	
SAXAGLIPTIN	40166035	saxagliptin	RxNorm	
SCOPOLAMINE	965748	Scopolamine	RxNorm	
SECUKINUMAB	45892883	secukinumab	RxNorm	
SELEGILINE	766209	Selegiline	RxNorm	
SELENIUM COMPOUNDS				
SENNA GLYCOSIDES	938268	sennosides, USP		
SENNA GLYCOSIDES, COMBINATIONS				
SERENOA REPENS	36249258	Serenoa repens whole extract		
SERENOA REPENS/URTICA DIOICA				
SERTINDOLE	19050633	sertindole	RxNorm	
SERTRALINE	739138	Sertraline	RxNorm	
SEVELAMER	952004	sevelamer	RxNorm	
SIBUTRAMINE	739363	sibutramine	RxNorm	
SILDENAFIL	1316262	sildenafil	RxNorm	
SILICONES	19066894	Silicones	RxNorm	
SILODOSIN	19012925	silodosin	RxNorm	
SILVER SULFADIAZINE	966956	silver sulfadiazine	RxNorm	
SILVER SULFADIAZINE, COMBINATIONS				
SILYMARIN	19066992	Silymarin	RxNorm	
SIMVASTATIN	1539403	Simvastatin	RxNorm	
SIMVASTATIN AND EZETIMIBE				
SINECATEQUINA	43012577	Catechin		
SIROLIMUS	19034726	Sirolimus	RxNorm	
SITAGLIPTIN	1580747	sitagliptin	RxNorm	
SODIUM BICARBONATE	939506	Sodium Bicarbonate	RxNorm	
SODIUM BORATE	929698	boric acid	RxNorm	
SODIUM CHLORIDE	967823	Sodium Chloride	RxNorm	
SODIUM CHLORIDE	967823	Sodium Chloride	RxNorm	
SODIUM FLUORIDE	19069022	Sodium Fluoride	RxNorm	
SODIUM HYPOCHLORITE	44784806	 Hypochlorite		
SODIUM IOPODATE	0			
SODIUM MONOFLUOROPHOSPHATE	19068715	monofluorophosphate	RxNorm	
SODIUM OXYBATE	769935	Sodium Oxybate	RxNorm	
SODIUM PERBORATE	19039877	sodium perborate	RxNorm	
SODIUM PHOSPHATE	939871	sodium phosphate	RxNorm	
SODIUM PICOSULFATE	19025115	picosulfate sodium	RxNorm	
SODIUM PICOSULFATE, COMBINATIONS				
SODIUM PROPIONATE	19078151	Sodium propionate	RxNorm	1
SOJA	19007600	Soybean preparation		2
SOJA	19070224	Soybean Oil		3
SOJA	19100396	Soy Proteins		
SOLIFENACIN	916005	Solifenacin	RxNorm	
SOLIFENACIN	19112623	Solfenacin	RxNorm	
SOMATOSTATIN	19136066	Somatostatin	RxNorm	
SOMATROPIN	1584910	Somatropin	RxNorm	
SORAFENIB	1363387	sorafenib	RxNorm	
SORBITOL	970011	Sorbitol	RxNorm	
SOTALOL	1370109	Sotalol	RxNorm	
SPAGLUMIC ACID	19091288	ISOSPAGLUMIC ACID	RxNorm	
SPECTINOMYCIN	1701651	Spectinomycin	RxNorm	
SPIRAMYCIN	19070251	Spiramycin	RxNorm	
SPIRONOLACTONE	970250	Spironolactone	RxNorm	
STANOZOLOL	1636145	Stanozolol	RxNorm	
STAVUDINE	1781406	Stavudine	RxNorm	
STERCULIA	36879022	Sterculia Gum		
STERCULIA, COMBINATIONS				
STRONTIUM RANELATE	19000815	Strontium		
SUCRALFATE	1036228	Sucralfate	RxNorm	
SUFENTANIL	19078219	Sufentanil	RxNorm	
SULCONAZOLE	940535	sulconazole	RxNorm	
SULFACETAMIDE	1036252	Sulfacetamide	RxNorm	
SULFAGUANIDINE	19000819	Sulfaguanidine	RxNorm	
SULFALENE	19136423	Sulfalene	RxNorm	
SULFAMETHOXAZOLE AND TRIMETHOPRIM				
SULFASALAZINE	964339	Sulfasalazine	RxNorm	
SULINDAC	1236607	Sulindac	RxNorm	
SULPIRIDE	19136626	Sulpiride	RxNorm	
SULTOPRIDE	19100431	sultopride	RxNorm	
SUMATRIPTAN	1140643	Sumatriptan	RxNorm	
SUNITINIB	1336539	sunitinib	RxNorm	
SUXAMETHONIUM	836208	Succinylcholine		
TACALCITOL	19008361	Tacalcitol	RxNorm	
TACROLIMUS	950637	Tacrolimus	RxNorm	
TADALAFIL	1336926	tadalafil	RxNorm	
TAFLUPROST	42709325	tafluprost	RxNorm	
TAMOXIFEN	1436678	Tamoxifen	RxNorm	
TAMSULOSIN	924566	tamsulosin	RxNorm	
TAMSULOSIN AND FINASTERIDE				
TAMSULOSINA E SOLIFENACINA				
TAPENTADOL	19026459	tapentadol	RxNorm	
TAVANIC IMPEXECO	1742253	Levofloxacin	RxNorm	
TAZAROTENE	947416	tazarotene	RxNorm	
TEICOPLANIN	19078399	Teicoplanin	RxNorm	
TELAPREVIR	40239330	telaprevir	RxNorm	
TELITHROMYCIN	1702911	telithromycin	RxNorm	
TELMISARTAN	1317640	telmisartan	RxNorm	
TELMISARTAN AND AMLODIPINE				
TELMISARTAN AND DIURETICS				
TEMAZEPAM	836715	Temazepam	RxNorm	
TEMOZOLOMIDE	1341149	temozolomide	RxNorm	
TENOFOVIR DISOPROXIL	1710281	tenofovir disoproxil	RxNorm	
TENOFOVIR DISOPROXIL AND EMTRICITABINE				
TENOXICAM	19041220	tenoxicam	RxNorm	
TERAZOSIN	1341238	Terazosin	RxNorm	
TERBINAFINE	1741309	terbinafine	RxNorm	
TERBUTALINE	1236744	Terbutaline	RxNorm	
TERCONAZOLE	941472	terconazole	RxNorm	
TERFENADINE	1150836	Terfenadine	RxNorm	
TERIFLUNOMIDE	42900584	teriflunomide	RxNorm	
TERIPARATIDE	1521987	Teriparatide	RxNorm	
TESTOSTERONE	1636780	Testosterone	RxNorm	
TETANUS IMMUNOGLOBULIN	35604680	Tetanus immune globulin	RxNorm	
TETANUS TOXOID	529411	tetanus toxoid vaccine, inactivated	RxNorm	
TETANUS TOXOID, COMBINATIONS WITH DIPHTHERIA TOXOID				
TETRABENAZINE	836877	Tetrabenazine	RxNorm	
TETRACAINE	1036884	Tetracaine	RxNorm	
TETRACOSACTIDE	19008009	Cosyntropin	RxNorm	
TETRAZEPAM	19041746	tetrazepam	RxNorm	
TETRYZOLINE	941577	tetrahydrozoline		
THALIDOMIDE	19137042	Thalidomide	RxNorm	
THEBACON	40799139	Thebacon	RxNorm Extension	
THEOPHYLLINE	1237049	Theophylline	RxNorm	
THIAMAZOLE	1504620	Methimazole	RxNorm	
THIAMINE (VIT B1)	19137312	Thiamine		
THIAMPHENICOL	19137362	Thiamphenicol	RxNorm	
THIAMPHENICOL, COMBINATIONS				
THIOPENTAL	700253	Thiopental	RxNorm	
THIORIDAZINE	700299	Thioridazine	RxNorm	
THYM	19015670	Thyme preparation	RxNorm	
THYMI HERBA	19015670	319823	Thyme preparation	
THYROTROPIN	19007721	Thyrotropin	RxNorm	
TIAGABINE	715458	tiagabine	RxNorm	
TIAPRIDE	19008012	Tiapride	RxNorm	
TIAPROFENIC ACID	19086910	Tiaprofenate		
TIBOLONE	19041933	tibolone	RxNorm	
TICAGRELOR	40241186	Ticagrelor	RxNorm	
TICLOPIDINE	1302398	Ticlopidine	RxNorm	
TIEMONIUM IODIDE	19055843	TIEMONIUM		
TIEMONIUM IODIDE AND ANALGESICS				
TILIDINE	19002431	Tilidine	RxNorm	
TILLEUL	19056118	Tilia extract	RxNorm	
TILUDRONIC ACID	19011064	tiludronic acid	RxNorm	
TIMOLOL	902427	Timolol	RxNorm	
TIMOLOL, COMBINATIONS				
TINIDAZOLE	1702559	Tinidazole	RxNorm	
TINZAPARIN	1308473	tinzaparin	RxNorm	
TIOGUANINE	1437379	Thioguanine	RxNorm	
TIOTROPIUM	1106776	tiotropium	RxNorm	
TIXOCORTOL	19078460	tixocortol	RxNorm	
TIXOCORTOL, COMBINATIONS				
TIZANIDINE	778474	tizanidine	RxNorm	
TOBRAMYCIN	902722	Tobramycin	RxNorm	
TOCILIZUMAB	40171288	tocilizumab	RxNorm	
TOCOPHEROL (VIT E)	19009540	Vitamin E	RxNorm	
TOLBUTAMIDE	1502855	Tolbutamide	RxNorm	
TOLCAPONE	715727	tolcapone	RxNorm	
TOLMETIN	1102917	Tolmetin	RxNorm	
TOLTERODINE	913782	tolterodine	RxNorm	
TOPIRAMATE	742267	topiramate	RxNorm	
TORASEMIDE	942350	torsemide	RxNorm	
TOREMIFENE	1342346	Toremifene	RxNorm	
TOSYLCHLORAMIDE SODIUM	19036053	chloramine-T		
TRABECTEDIN	35603017	trabectedin	RxNorm	
TRAMADOL	1103314	Tramadol	RxNorm	
TRAMADOLO E PARACETAMOLO				
TRAMAZOLINE	19042445	tramazoline	RxNorm	
TRANEXAMIC ACID	1303425	Tranexamic Acid	RxNorm	
TRASTUZUMAB	1387104	trastuzumab	RxNorm	
TRAVOPROST	904501	travoprost	RxNorm	
TRAZODONE	703547	Trazodone	RxNorm	
TRETINOIN	903643	Tretinoin	RxNorm	
TRIAMCINOLONE	903963	Triamcinolone	RxNorm	
TRIAMCINOLONE AND ANTIINFECTIVES				
TRIAMCINOLONE AND ANTISEPTICS				
TRIAMTERENE	904542	Triamterene	RxNorm	
TRIAZOLAM	704599	Triazolam	RxNorm	
TRIBENOSIDE	19042575	tribenoside	RxNorm	
TRICLOSAN	1704758	Triclosan	RxNorm	
TRIHEXYPHENIDYL	705178	Trihexyphenidyl	RxNorm	
TRIMEGESTONE AND ESTROGEN				
TRIMETHOPRIM	1705674	Trimethoprim	RxNorm	
TRIMIPRAMINE	705755	Trimipramine	RxNorm	
TRIPTORELIN	1343039	Triptorelin	RxNorm	
TROMANTADINE	19101679	tromantadine	RxNorm	
TROPICAMIDE	906072	Tropicamide	RxNorm	
TROPISETRON	19002800	tropisetron	RxNorm	
TROXERUTIN	19043154	troxerutin	RxNorm	
TUBERCULIN	19010871	Tuberculin	RxNorm	
TULOBUTEROL	19043191	tulobuterol	RxNorm	
TYPHOID-HEPATITIS A				
TYPHOID, ORAL, LIVE ATTENUATED	523202	Typhoid Vaccine Live Ty21a		
TYPHOID, PURIFIED POLYSACCHARIDE ANTIGEN				
TYROTHRICIN	19006842	Tyrothricin	RxNorm	
ULIPRISTAL	40225722	ulipristal	RxNorm	
UMECLIDINIO BROMURO	44785907	umeclidinium		
UNKNOWN				
UROFOLLITROPIN	1515417	Urofollitropin	RxNorm	
URSODEOXYCHOLIC ACID	988095	Ursodeoxycholate	RxNorm	
USTEKINUMAB	40161532	ustekinumab	RxNorm	1
VACCINO INFLUENZALE VIVO ATTENUATO	532512	Influenza Virus Vaccine, Live Attenuated, A-South Dakota-6-2007 (H1N1) (A-Brisbane-59-2007-like) strain		2
VACCINO INFLUENZALE VIVO ATTENUATO	532516	Influenza Virus Vaccine, Live Attenuated, A-Uruguay -716-2007 (H3N2) (A-Brisbane-10-2007-like) strain		3
VACCINO INFLUENZALE VIVO ATTENUATO	532518	Influenza Virus Vaccine, Live Attenuated, B-Florida-4-2006 strain		4
VACCINO INFLUENZALE VIVO ATTENUATO	40164833	Influenza Virus Vaccine, Live Attenuated, B-Brisbane-60-2008 strain		5
VACCINO INFLUENZALE VIVO ATTENUATO	40225031	Influenza Virus Vaccine, Live Attenuated, A-California-7-2009 (H1N1) strain		6
VACCINO INFLUENZALE VIVO ATTENUATO	40225038	Influenza Virus Vaccine, Live Attenuated, A-Perth-16-2009 (H3N2) strain		
VACCINO MENINGOCOCCICO B MULTICOMPONENTE	45775636	meningococcal group B vaccine		
VALACICLOVIR	1717704	valacyclovir	RxNorm	
VALDECOXIB	1103374	valdecoxib	RxNorm	1
VALERIAN	1397059	valerian root extract	RxNorm	2
VALERIAN	36879039	 valerian oil	RxNorm Extension	3
VALERIAN	44818506	Valeriana officinalis whole extract	RxNorm	
VALERIANE	44818506	Valeriana officinalis whole extract	RxNorm	
VALERIANE/HUMULUS LUPULUS				
VALERIANE/PASSIFLORE				
VALGANCICLOVIR	1703063	valganciclovir	RxNorm	
VALPROIC ACID	745466	Valproate	RxNorm	
VALSARTAN	1308842	valsartan	RxNorm	
VALSARTAN AND AMLODIPINE				
VALSARTAN AND DIURETICS				
VALSARTAN E SACUBITRIL				
VALSARTAN, AMLODIPINE AND HYDROCHLOROTHIAZIDE				
VANCOMYCIN	1707687	Vancomycin	RxNorm	
VARDENAFIL	1311276	vardenafil	RxNorm	
VARENICLINE	780442	varenicline	RxNorm	
VARICELLA, LIVE ATTENUATED	42800027	Varicella-Zoster Virus Vaccine Live (Oka-Merck) strain		
VARIOUS	967823	Sodium Chloride		
VECURONIUM	19012598	Vecuronium	RxNorm	
Vedolizumab	45774639	vedolizumab		
VENLAFAXINE	743670	venlafaxine	RxNorm	
VERALIPRIDE	19043327	veralipride	RxNorm	
VERAPAMIL	1307863	Verapamil	RxNorm	
VIGABATRIN	19020002	Vigabatrin	RxNorm	
VILANTEROLO E UMECLIDINIUM BROMURO				
VILANTEROLO FLUTICASONE FUROATO				
VILDAGLIPTIN	19122137	vildagliptin	RxNorm	
VILOXAZINE	19008261	Viloxazine	RxNorm	
VINCAMINE	19008269	Vincamine	RxNorm	
VINCRISTINE	1308290	Vincristine	RxNorm	
VINORELBINE	1343346	vinorelbine	RxNorm	
VIRUS DE LA RAGE	46234308	Rabies virus		
VITEX AGNUS-CASTUS	44506796	Vitex agnus-castus whole extract		1
VITIS VINIFERA	1593386	Vitis vinifera root oil		2
VITIS VINIFERA	35606157	Vitis vinifera leaf oil		3
VITIS VINIFERA	42900062	VITIS VINIFERA FRUIT OIL		4
VITIS VINIFERA	42900067	Vitis vinifera flowering top extract		5
VITIS VINIFERA	42900068	Vitis vinifera seed extract		6
VITIS VINIFERA	42904225	Vitis vinifera whole extract		7
VITIS VINIFERA	43525901	Vitis vinifera leaf extract		8
VITIS VINIFERA	45892870	Vitis vinifera anthocyanins extract		
VON WILLEBRAND FACTOR AND COAGULA-TION FACTOR VIII IN COMBINATION				
VORICONAZOLE	1714277	voriconazole	RxNorm	
WARFARIN	1310149	Warfarin	RxNorm	
XADAGO	1594333	safinamide		
XANTINOL NICOTINATE	19059142	Xanthinol	RxNorm	
XIPAMIDE	19010493	Xipamide	RxNorm	
XYLENE	42900012	Xylene	RxNorm	
XYLOMETAZOLINE	943852	xylometazoline	RxNorm	
XYLOMETAZOLINE, COMBINATIONS EXCL. CORTICOSTEROIDS				
YELLOW FEVER, LIVE ATTENUATED	559532	Yellow Fever Vaccine	RxNorm	
YOHIMBIN	1385800	yohimbine	RxNorm	
ZAFIRLUKAST	1111706	zafirlukast	RxNorm	
ZALEPLON	720727	zaleplon	RxNorm	
ZANAMIVIR	1708748	Zanamivir	RxNorm	
ZEPHIRUS	939259	Budesonide		
ZIDOVUDINE	1710612	Zidovudine	RxNorm	
ZIDOVUDINE AND LAMIVUDINE				
ZIDOVUDINE, LAMIVUDINE AND ABACAVIR				
ZINC ACETATE	979096	Zinc Acetate	RxNorm	
ZINC COMPOUNDS				
ZINC GLUCONATE	19079204	Zinc Gluconate	RxNorm	
ZINC OXYDE	911064	Zinc Oxide	RxNorm	
ZOFENOPRIL	19102107	zofenopril	RxNorm	
ZOLEDRONIC ACID	1524674	zoledronic acid	RxNorm	
ZOLMITRIPTAN	1116031	zolmitriptan	RxNorm	
ZOLMITRIPTAN INSTANT ACTAVIS				
ZOLPIDEM	744740	zolpidem	RxNorm	
ZOPICLONE	19044883	zopiclone	RxNorm	
ZOSTER, LIVE ATTENUATED	42800027	Varicella-Zoster Virus Vaccine Live (Oka-Merck) strain		
ZUCLOPENTHIXOL	19010886	Zuclopenthixol	RxNorm	
