source_code	source_name	concept_id
2538659	ACEBUTOLOL IPS C 400 MG 100 COMPRIMES	41056860
202666	ADRENALINE HCL STEROP C 0 4 MG ML 10 AMPOULES	36269933
12258482	ALOE 200K GR 4G BOIRON	960900
20990	ALOE 5CH GR BOIRON	960900
67323	ALOE 5CH GR UNDA	960900
42810	ALOE COMPOS GUTT 20ML BOIRON	960900
114277	ALOE HEAT LOTION GEL 118ML	960900
109313	ALOE VERA ALAN BLACK JUICE 1L	960900
145631	ALOE VERA JUS 1L	960900
107106	ALPHA LIPOIC ACID FUNCIOMED CAPS 30X200MG	40241165
117744	ALPHA LIPONZUUR 100MG SPRINGFIELD V CAPS 60X100MG	40241161
25007461	AMLODIPINE VALSARTAN SANDOZ C 5 MG 160 MG 28 COMPRIMES PELLICULES	1332527
25007460	AMLODIPINE VALSARTAN SANDOZ C 5 MG 80 MG 98 COMPRIMES PELLICULES	43254814
8376834	AMOXICILLINE ATHLONE C 1 G	1713412
25617651	ATORVASTATINE BEPB C 20 MG 30 COMPRIMES PELLICULES	21120979
25617652	ATORVASTATINE BEPB C 40 MG 30 COMPRIMES PELLICULES	21111318
11505790	AVENA MAGNESIUM TABL 30 OPTIMAX	19124906
205369	AVENA MAGNESIUM TABL 60 OPTIMAX	19124906
26487436	AZITHROMYCIN AB C 250 MG 6 COMPRIMES PELLICULES	21054992
18100689	B MAGNUM 450MG PROMOPACK TABL 150 30	19124906
5499855	B MAGNUM 450MG PROMOPACK TABL 90 15 GRATUIT	19124906
171163	B MAGNUM CHEW COMP A MACHER 30X450MG VERV 1705 722	19124906
13133308	B MAGNUM PROMOPACK TABL 90 90	19124906
171162	B MAGNUM TABL 30X450MG VERV 1371 376	19124906
171161	B MAGNUM TABL 90X450MG	19124906
86497	BACLOFEN 50G FAG	715233
21054	BELLADONNA 200K GL BOIRON	958527
21062	BELLADONNA 200K GR BOIRON	958527
22722	BELLADONNA 200K GR UNDA	958527
118827	BELLADONNA 30K GL UNDA	958527
11752309	BELLADONNA 30K GR 4G BOIRON	958527
21066	BELLADONNA 30K GR BOIRON	958527
22721	BELLADONNA 30K GR UNDA	958527
21057	BELLADONNA 4CH GR BOIRON	958527
22715	BELLADONNA 4CH GR UNDA	958527
11752306	BELLADONNA 5CH GR 4G BOIRON	958527
21058	BELLADONNA 5CH GR BOIRON	958527
22716	BELLADONNA 5CH GR UNDA	958527
51914	BELLADONNA 6D GR UNDA	958527
12253585	BELLADONNA 7CH GR 4G BOIRON	958527
22718	BELLADONNA 7CH GR UNDA	958527
21061	BELLADONNA 9CH GR BOIRON	958527
22719	BELLADONNA 9CH GR UNDA	958527
21055	BELLADONNA MK GL BOIRON	958527
22723	BELLADONNA MK GR UNDA	958527
24785	BERBERIS COSMOPLX ST GUTT 30ML COSMO	42904218
21069	BERBERIS VULGARIS 200K GL BOIRON	42904218
151156	BETAINE CITRATE VRAC 25G ACA	1520218
110974	BICARBONATE DE SODIUM CAPS 50X1000MG CLINI	19103710
8593400	BICARBONATE SODIUM 100G ACA	939506
149490	BIOACTIVE MAGNESIUM CAPS 60	19124906
11504529	BIOACTIVE VITAMINE C 750MG TABL 60	19059790
35032	BROMHEXINE HCL PH EUR 5G ACA	19030493
145901	CAFEINE 100G ABC	1134439
13133590	CALCIUM 1G VIT D3 880 UI NUTRI ETHIC COMP 60	36262306
11755327	CALCIUM 1G VIT D3 880 UI NUTRI ETHIC COMP 600	36262306
5750	CALCIUM CARBONATE TRES LOURD PDR PH EUR 1KG VWR	19035704
185689	CALCIUM CITRATE 100G ABC	19058572
182815	CALCIUM D3 SUPERCAPS CAPS 60	40125338
17328	CALCIUM GLUCONATE STEROP C 10 10 AMPOULES	40018377
170364	CALCIUM K2 D3 PG PHARMAGENERIX CAPS 60	36262306
14938702	CALCIUM VITAMINE D COMP 90	36262306
55592	CAPSICUM ANNUUM 200K GL BOIRON	915553
21130	CAPSICUM ANNUUM 30K GR BOIRON	915553
21124	CAPSICUM ANNUUM 5CH GR BOIRON	915553
22808	CAPSICUM ANNUUM 7CH GR UNDA	915553
97874	CAPSICUM ANNUUM 9CH GR BOIRON	915553
26272	CARBAMAZEPINE VRAC 25G FED	740275
11750456	CETAMINE 500 EXTRA S SUCRE COMP A SUCER 250	785649
31555	CHARBON DE BOIS VRAC 1KG MERCK	1701928
23566352	CHARBON VEGETAL ACTIVE CAPS 40	40006427
89998	CHARBON VEGETAL CAPS 80X250MG	40243258
201521	CHARBON VEGETALE HERBALGEM GEL 100	1701928
201520	CHARBON VEGETALE HERBALGEM GEL 60	1701928
90424	CHELIDONIUM COMP GUTT 50ML WELEDA CFR 2804912	19071835
3512892	CHELIDONIUM COMP N GUTT 50ML WELEDA	19071835
42813	CHELIDONIUM COMPOS GUTT 20ML BOIRON	19071835
90425	CHELIDONIUM CURCUMA GUTT 50ML	19071835
21171	CHELIDONIUM MAJUS 200K GR BOIRON	19071835
21173	CHELIDONIUM MAJUS 30K GR BOIRON	19071835
22852	CHELIDONIUM MAJUS 30K GR UNDA	19071835
12002398	CHELIDONIUM MAJUS 4CH GR 4G BOIRON	19071835
21167	CHELIDONIUM MAJUS 5CH GR BOIRON	19071835
22848	CHELIDONIUM MAJUS 6CH GR UNDA	19071835
21169	CHELIDONIUM MAJUS 7CH GR BOIRON	19071835
5810	CHLORAMINE VRAC 1KG FED	19036053
123107	CHLORAMPHENICOL L PH EUR 100G LU	990069
145924	CHLORAMPHENICOL PDR 100G ABC	990069
8831499	CHLORHEXIDINI GLUCONAS 2 24X250ML	1790812
151360	CHLORURE DE SODIUM COMP 90X500MG	19103562
25280163	CHLORURE SODIUM 1G COMP 50 FAG	967823
3515678	CO ENZYME Q10 100MG POT GEL 30	1351215
164469	CO ENZYME Q10 CAPS 180X30MG NF CFR 3162815	1351120
173626	CO ENZYME Q10 SOLUBLE SOFTGEL 60 CFR 2501 070	1351115
24714714	CO OLMESARTAN SANDOZ C 20 MG 12 5 MG 28 COMPRIMES PELLICULES	19102491
4601118	CO VALSARTAN EG C 320 MG 12 5 MG 98 COMPRIMES	19124246
4601120	CO VALSARTAN EG C 320 MG 25 MG 98 COMPRIMES	19124247
4601111	CO VALSARTAN EG C 80 MG 12 5 MG 56 COMPRIMES PELLICULES	19023453
100780	CODEINOFORM MEDGENIX C 0 5 MG G	1201620
145940	CYSTINE L 100G ABC	19011082
12258375	D CURA SOL 200UI FL 1X10ML	19095164
8592012	D CURE CALCIUM 1000MG 1000UI COMP 56	36262306
8592011	D CURE CALCIUM C 1000MG 1000UI 28 COMPRIMES A MACHER	36262306
21906401	D CURE CALCIUM C 1000MG 1000UI 84 COMPRIMES A MACHER	36262306
161485	D CURE PLUS COMP EFF 18	36262306
164213	D CURE PLUS COMP EFF 54	36262306
8834233	D IXX 1000 CAPS 120	19095164
8834234	D IXX LIQUID GOUTTES 50ML	19095164
13646406	D IXX ULTRA 10ML	19095164
21634052	D PEARLS 1520 CAPS 100 20 PROMO	19095164
10765831	D PEARLS 1520 CAPS 80	19095164
24977698	D PEARLS 3000 CAPS 80	40167040
8593895	D PEARLS 800 CAPS 120	40025590
8593894	D PEARLS 800 CAPS 360	40025590
8593896	D PEARLS 800 CAPS 40	40025590
12513273	D PEARLS DROPS 10ML	40025589
105259	D VITAL CALCIUM 500 200 FRUIT PASSION SACHET 40	19121185
161707	D VITAL CALCIUM 500 200 GRANULE STICK 20	19121185
105261	D VITAL CALCIUM 500 200 ORANGE SACHET 40	19121185
67266	D VITAL CALCIUM FRUIT PASSION 30	40125338
161706	D VITAL CALCIUM K ORANGE GRANULES EFFERV SACH 40	40125338
84421	D VITAL CALCIUM ORANGE 1000 SACH 30	40125338
14515	DAKIN SOLUTION VEL 1L VWR	44784807
184708	DIACLO SANDOZ 250MG CAPS 20	19121591
184709	DIACLO SANDOZ 250MG CAPS 50	19121591
21302	DIGITALIS PURPUREA 30K GR BOIRON	19060903
22934	DIGITALIS PURPUREA 5CH GR UNDA	19060903
4600305	DOC FLUCONAZOL C 150 MG	1754996
4155792	DOC FLUCONAZOL C 200 MG	19019003
4600304	DOC FLUCONAZOL C 50 MG	19019004
202871	DOC SUMATRIPTAN C 100 MG 12 COMPRIMES PELLICULES	19079711
202875	DOC SUMATRIPTAN C 100 MG 2 COMPRIMES PELLICULES	19079711
202876	DOC SUMATRIPTAN C 100 MG 6 COMPRIMES PELLICULES	19079711
202874	DOC SUMATRIPTAN C 50 MG 12 COMPRIMES PELLICULES	1140650
202872	DOC SUMATRIPTAN C 50 MG 2 COMPRIMES PELLICULES	1140650
202873	DOC SUMATRIPTAN C 50 MG 6 COMPRIMES PELLICULES	1140650
45583	DOLPRONE C 500 MG 100 COMPRIMES	19020053
145952	DOMPERIDONE 10G ABC	19037833
73178	DOMPERIDONE SET BLISTER GEL 20X30 FAG	19037833
186419	EAU 1L FLER	19010309
15714727	EOSINE 1 QUALIPHAR SOLUTION 100ML	42899052
72468	EOSINE 2 MEDGENIX 100ML	42899052
156090	EOSINE 2 MEDGENIX FLACON PLAST 60ML	42899052
102262	EOSINE 2 QUALIPHAR 100ML	42899052
115619	EOSINE 2 QUALIPHAR MONODOSISSEN AMP 10X2ML	42899052
171915	EOSINE AQUEUSE SOLUTION 2 1L FAG	42899052
25021	EOSINE AQUEUX SOLUTION 100ML KELA PHARMA	42899052
150873	EOSINE SODIQUE 100G FAG	42899052
23845187	EOSINE SPRAY 15ML	42899052
100618	EOSINE STEROP PERF 10 FL X 10 ML 1 BOUCHON	42899052
3483393	EOSINE STEROP PERF 10 FL X 10 ML 10 BOUCHONS	42899052
181285	FAGRON DC ARACHIDE HUILE BAIN HYDRATANT 250ML	19033278
199584	FAGRON DC COLD CREME AU LEVOMENTHOL 1 100G	19056157
173011	FAGRON DC CREME CETOMACROGOL 10 UREE 100G	948515
182852	FAGRON DC CREME MENTHOL 0 5 100G	901656
185134	FAGRON DC PATE ZINC OXYDE 30 100G	40096421
1683792	FAGRON PHARMAWHITE CHLORHEXIDINE 0 5 IPA 250ML	1790812
53982	FLIXOTIDE DISKHALER C 1 INHALATION ACCESSOIRE	1149380
45329	FLUOCARIL SPRAY 15ML	40081744
198041	FLUOR AID 0 05 SOLUTION BUCCALE 500ML 3104	19069697
9549181	GELILACT PULV FL 60 G REMPL 0043539	986517
126717	GELSEMIUM SEMPERV 200K GR HOMEOD	19071802
126714	GELSEMIUM SEMPERV 5CH GR HOMEOD	19071802
126712	GELSEMIUM SEMPERV XMK GL HOMEOD	19071802
86144	GELSEMIUM SEMPERVIR 15CH GL UNDA	19071802
23746	GELSEMIUM SEMPERVIR 15CH GR UNDA	19071802
22996	GELSEMIUM SEMPERVIR 200K GR UNDA	19071802
24992	GELSEMIUM SEMPERVIR 30CH GR UNDA	19071802
22995	GELSEMIUM SEMPERVIR 30K GR UNDA	19071802
22990	GELSEMIUM SEMPERVIR 5CH GR UNDA	19071802
22992	GELSEMIUM SEMPERVIR 7CH GR UNDA	19071802
22993	GELSEMIUM SEMPERVIR 9CH GR UNDA	19071802
21348	GELSEMIUM SEMPERVIR CURE 6K MK UNDA	19071802
23596	GELSEMIUM SEMPERVIR MK GL UNDA	19071802
22997	GELSEMIUM SEMPERVIR MK GR UNDA	19071802
21353	GELSEMIUM SEMPERVIRENS 15CH GL BOIRON	19071802
21362	GELSEMIUM SEMPERVIRENS 15CH GR BOIRON	19071802
21351	GELSEMIUM SEMPERVIRENS 200K GL BOIRON	19071802
11752359	GELSEMIUM SEMPERVIRENS 200K GR 4G BOIRON	19071802
21361	GELSEMIUM SEMPERVIRENS 200K GR BOIRON	19071802
11752358	GELSEMIUM SEMPERVIRENS 30K GR 4G BOIRON	19071802
21365	GELSEMIUM SEMPERVIRENS 30K GR BOIRON	19071802
11752355	GELSEMIUM SEMPERVIRENS 5CH GR 4G BOIRON	19071802
21357	GELSEMIUM SEMPERVIRENS 5CH GR BOIRON	19071802
21364	GELSEMIUM SEMPERVIRENS 6K GR BOIRON	19071802
12253672	GELSEMIUM SEMPERVIRENS 7CH GR 4G BOIRON	19071802
21359	GELSEMIUM SEMPERVIRENS 7CH GR BOIRON	19071802
11752356	GELSEMIUM SEMPERVIRENS 9CH GR 4G BOIRON	19071802
21360	GELSEMIUM SEMPERVIRENS 9CH GR BOIRON	19071802
21355	GELSEMIUM SEMPERVIRENS XMK GL BOIRON	19071802
116948	GINSENG CAPS 45 PHARMAFL	19017671
177995	GINSENG COREEN CAPS 90X60MG	19017671
85201	GINSENG FORTE CAPS 30	19017671
73507	GINSENG PANAX CAPS 40X700MG	19017671
84139	GINSENG POSTULA CAPS 30X390MG	19017671
154926	GLUCOSAMINE 1500 BE LIFE COMP 60	1360436
204701	GLUCOSAMINE 1500 BE LIFE TABL 120	1360436
174438	GLUCOSAMINE 1500 BE LIFE TABL 180	1360436
10522437	GLUCOSAMINE 1800MG TABL 150	1360332
16773539	GLUCOSAMINE 2000MG COMP 60	1360332
200148	GLUCOSAMINE 750 PG PHARMAGENERIX CAPS 180	1360409
173241	GLUCOSAMINE 750 SUPERCAPS CAPS 1000	1360409
184480	GLUCOSAMINE 750 SUPERCAPS CAPS 120	1360409
182811	GLUCOSAMINE 750 SUPERCAPS CAPS 180	1360409
182872	GLUCOSAMINE 750 SUPERCAPS CAPS 1800	1360409
183111	GLUCOSAMINE 750 SUPERCAPS CAPS 60	1360409
12477	GLUCOSAMINE CAPS 60	1360332
100899	GLUCOSAMINE CAPS 90X1000MG	1360402
182819	GLUCOSAMINE CHONDROITIN 700 200MG CAPS 180 H8857	40131392
182818	GLUCOSAMINE CHONDROITIN 700 200MG CAPS 60 H8857 2	40131392
13646923	GLUCOSAMINE CHONDROITIN MSM S CRUSTACES COMP 120	40131392
201437	GLUCOSAMINE CHONDROITINE MANGANESE COMP 90	40241655
151691	GLUCOSAMINE CHONDROITINE PLUS CAPS 60 OPTIMAX	40131392
166972	GLUCOSAMINE CHONDROITINE PLUS TABL 210 OPTIMAX	40131392
175031	GLUCOSAMINE COMPLEX PG PHARMAGENERIX CAPS 180	1360332
160873	GLUCOSAMINE FORTE CAPS 100	1360332
13646916	GLUCOSAMINE HYALURONIC AC CHONDROITIN MSM COMP 60	43531820
161984	GLUCOSAMINE MSM FORTE CAPS 120 BIOTICAS	40149048
165701	GLUCOSAMINE SULPHATE CHONDROITIN TABL 60 NUTRISAN	40131392
117192	GLUCOSAMINE TABL 60X1000MG	1360402
81164	GLUCOSE 30 500ML	40045801
36934	GLUCOSE 5 HARTMANN VASCUMED INTRAFL 1 FLACON POUR PERFUSION	40045801
86772	GLUCOSE D PDR ANHYDRE 1KG ACA	40045801
25558	GRAINS DE VALS 25 DRAGEES	40081553
61098	HACDIL S BOTTLEPACK 120 FLACON ORALE	40021919
30189	HAMAMELIS COMPLEX GUTT 30ML BOIRON	42903910
42816	HAMAMELIS COMPOS GUTT 20ML BOIRON	42903910
7846	HAMAMELIS EAU DISTILLEE 250ML CONF	42903910
75263	HAMAMELIS POMM 50G HOMEOD	42903910
65490	HAMAMELIS TM 30ML DOLISOS	42903910
23015	HAMAMELIS VIRGINIAN 30K GR UNDA	42903910
23013	HAMAMELIS VIRGINIAN 5CH GR UNDA	42903910
21374	HAMAMELIS VIRGINIANA 200K GL BOIRON	42903910
21384	HAMAMELIS VIRGINIANA 30K GR BOIRON	42903910
21378	HAMAMELIS VIRGINIANA 5CH GR BOIRON	42903910
21381	HAMAMELIS VIRGINIANA 9CH GR BOIRON	42903910
13127719	HYLO DUAL GUTT OCULAIRES 10ML	43532310
3514664	HYPERPOLL C 10 MG 100 COMPRIMES A SUCER	40228214
23287955	IMUTIS CAPS 100	40082653
178332	IMUTIS GEL 50	40082653
26165381	IMUTIS NF CAPS 10	40082653
26165382	IMUTIS NF CAPS 20	40082653
26165383	IMUTIS NF CAPS 50	40082653
12257721	IMUTIS NF GEL 10 REMPL 2398725	40082653
12257722	IMUTIS NF GEL 20 REMPL 2398733	40082653
12257723	IMUTIS NF GEL 50 REMPL 2398717	40082653
9552619	IMUTIS STICK 10	991855
9552621	IMUTIS STICK 30	991855
102134	INDERAL RETARD C 160 MG	19023906
53951	INDERAL RETARD MITIS C 80 MG	19101613
90117	IODURE POTASSIUM PH EUR 500G ACA	19049909
174124	ISO BETADINE 4 SAVON GERMICIDE	40017811
1654	ISO BETADINE NEC INJ VAG CFR CNK 1708 643	40078030
12764772	KALMIA LATIFOLIA 05CH GR 4G BOIRON	42899508
21483	KALMIA LATIFOLIA 30K GR BOIRON	42899508
21477	KALMIA LATIFOLIA 5CH GR BOIRON	42899508
24124	KALMIA LATIFOLIA 7CH GR UNDA	42899508
183347	L CARNITINE 750 BE LIFE TABL 60	19050104
104963	L CARNITINE CAPS 60 66 METAGENICS	40022773
159947	L CARNITINE CAPS 90	40022773
70774	L CARNITINE TARTATE PDR 500G FAG	19050104
151740	L CARNOSINE CAPS 60X250MG DEBA	41080359
46859	L CITRULLINE VRAC 99 25G ACROS	19097664
191932	L GLUTAMINE 500MG BIOTICS CAPS 180	19060987
108618	L GLUTAMINE CAPS 90 534 METAGENICS	19060985
12004173	L GLUTAMINE PDR POT 400G 16646 METAGENICS	19060985
93491	L GLUTATHION REDUC CAPS 60X400MG DEBA	40046129
8590404	L LEUCINE 750 TABL 120X750MG	19088571
94326	L LYSINE BIOTICS CAPS 100X500MG	19092403
93507	L LYSINE FORTE CAPS 60 DEBA	19092377
93506	L METHIONINE B6 CAPS 100X500MG DEBA	19004730
1258213	L THEANINE CAPS 60 NUTRISAN	42705133
13644048	L THYROXINE C 0 025 MG 50 COMPRIMES	40175174
13644050	L THYROXINE C 0 05 MG 50 COMPRIMES	40175210
8358934	L THYROXINE C 0 075 MG 112 COMPRIMES	40174880
13644052	L THYROXINE C 0 075 MG 50 COMPRIMES	40174880
13644056	L THYROXINE C 0 125 MG 50 COMPRIMES	40175001
8358935	L THYROXINE C 0 175 MG 112 COMPRIMES	40175077
106776	L THYROXINE C 100 MCG 112 COMPRIMES	40169766
106777	L THYROXINE C 125 MCG 112 COMPRIMES	40175001
106778	L THYROXINE C 150 MCG 112 COMPRIMES	40175050
106774	L THYROXINE C 25 MCG 112 COMPRIMES	40175174
106775	L THYROXINE C 50 MCG 112 COMPRIMES	40175210
152419	L TRYPTOFAAN 300MG CAPS 120 ENERGETICA	40088845
8595508	L TRYPTOPHANE NATURAL ENERGY 500MG CAPS 60	19022489
76506	L TYROSINE CAPS 60X500MG DEBA	19006693
8595509	L TYROSINE NATURAL ENERGY 500MG CAPS 60	19006693
8297174	LACTULOSE 2PHARMA C 3 3 G 5ML 1 SIROP	40051138
66828	LACTULOSE SIROP INCOLOR 1L FAG	40051138
16457	LACTULOSE SIROP SIROOP 1L FAG	40051138
16458	LACTULOSE SIROP SIROOP 2 5L FAG	40051138
16459	LACTULOSE SIROP SIROOP 5L FAG	40051138
80447	LACTULOSE SOLVAY PHARMA 2 5L S	40051138
80448	LACTULOSE SOLVAY PHARMA 5L	40051138
14938564	LATANOPROST 5MG ACA	40058188
8358813	LATANOPROST DR MANN C 50 MCG ML 3 GOUTTES OCULAIRES	40058188
111487	LECITHINE CAPS 100X1200MG	40051851
75010	LECITHINE CAPS 100X1200MG DEBA	40051851
178004	LECITHINE DE SOYA CAPS 60X1200MG	40051851
76748	LECITHINE FORT CAPS 100X1200MG DEBA	40051851
162195	LECITHINE FORTE PG PHARMAGENERIX CAPS 45	40051851
200295	LECITHINE SOJA CAPS HLE 1000 PC020	40051851
417204	LERCANIDIPINE DOC C 10 MG 98 COMPRIMES PELLICULES	19017656
415661	LERCANIDIPINE DOC C 20 MG 98 COMPRIMES PELLICULES	19015804
109049	LOGASTRIC MUPS C 10 MG 56 COMPRIMES GASTRO RESISTANTS	19102188
153038	LOGASTRIC MUPS C 20 MG 56 COMPRIMES GASTRO RESISTANTS	19102189
7304421	LORMETAZEPAM DOC C 2 MG	19007977
151321	MACROGOL 400 VRAC 250ML ACA	948490
13527	MACROGOL 4000 PEG 1KG FAG	42899937
13526	MACROGOL 4000 PEG 250G FAG	42899937
153107	MEBEVERINE HCL 100G ABC	19054262
21538	MEZEREUM 200K GL BOIRON	42904101
21548	MEZEREUM 30K GR BOIRON	42904101
11752571	MEZEREUM 5CH GR 4G BOIRON	42904101
21544	MEZEREUM 7CH GR BOIRON	42904101
21545	MEZEREUM 9CH GR BOIRON	42904101
16506570	MIDAZOLAM CHLORHYDRATE 1G FAG	708298
146042	MINOXIDIL 100G ABC	40065461
82586	MINOXIDIL FL VAPO 10X 50ML ACA	40065461
82587	MINOXIDIL FL VAPO 10X100ML ACA	40065461
12259386	MINOXIDIL SOLUTION 1L ABC	40065461
146047	MORPHINE HCL 10G ABC	40061569
146046	MORPHINE HCL 5G ABC	40061569
80775	NATRIUM CHLORIDUM 0 9 100ML	40080069
193803	NIFUROXAZIDE 100G ABC	40058280
8020184	NIFUROXAZIDE 100G ACA	40058280
196450	NIFUROXAZIDE 250G ABC	40058280
1674751	NIFUROXAZIDE 25G 2PHARMA	40058280
146052	NIFUROXAZIDE 50G ABC	40058280
76317	NIFUROXAZIDE PFX 50G ACA	40058280
150936	NIFUROXAZIDE VRAC 100G FAG	40058280
150935	NIFUROXAZIDE VRAC 25G FAG	40058280
48970	NUX MOSCHATA 200K GL BOIRON	42904118
23254	NUX MOSCHATA 200K GR UNDA	42904118
12764798	NUX MOSCHATA 30K GR 4G BOIRON	42904118
21556	NUX MOSCHATA 30K GR BOIRON	42904118
21550	NUX MOSCHATA 5CH GR BOIRON	42904118
12258933	NUX MOSCHATA 9CH GR 4G BOIRON	42904118
23252	NUX MOSCHATA 9CH GR UNDA	42904118
12275129	OMEPRAZOL EG PI PHARMA C 40 MG 60 GELULES GASTRO RESISTANTES	19113655
25007759	OMEPRAZOLE BEPB C 20 MG	19101743
25007760	OMEPRAZOLE BEPB C 20 MG	19101743
25007761	OMEPRAZOLE BEPB C 20 MG	19101743
11755165	OXYBUTYNINE CHLORHYDRATE 1G FAG	918906
10642	OXYGENE BOUTEILLE 10500L VIDE ALM	40072545
10640	OXYGENE BOUTEILLE 2100L VIDE ALM	40072545
147813	OXYGENE BOUTEILLE 2100L VIDE ALM	40072545
10641	OXYGENE BOUTEILLE 4200L VIDE ALM	40072545
40060	OXYGENE VRAC 1 4000L	40072545
21603	PAEONIA OFFICINALIS 5CH GR BOIRON	42899588
25007765	PANTOPRAZOLE BEPB C 20 MG 28 GELULES GASTRO RESISTANTES	948079
25617656	PANTOPRAZOLE BEPB C 20 MG 56 COMPRIMES GASTRO RESISTANTS	948079
25007992	PANTOPRAZOLE BEPB C 20 MG 98 COMPRIMES GASTRO RESISTANTS	948079
25007993	PANTOPRAZOLE BEPB C 40 MG 28 GELULES GASTRO RESISTANTES	19080217
25007994	PANTOPRAZOLE BEPB C 40 MG 56 COMPRIMES GASTRO RESISTANTS	19080217
146061	PHENOBARBITAL 100G ABC	734275
6060	PHENYLEPHRINE HCL PH EUR 10G ACA	1135766
111131	PHYTO SOYA 3 MOIS CAPS 180	19007600
157752	PHYTO SOYA 35MG CAPS 60 CFR 3536935	19007600
163169	PHYTO SOYA EXTR SOYA CAPS 60X426MG DUO PROMO	19007600
94207	PHYTO SOYA GEL VAGINAL APPLIC 8X5ML	19007600
8593964	PHYTO SOYA JOUR NUIT CAPS 120 PROMO	19007600
126925	PHYTOLACCA DEC 5CH GR HOMEOD	46276252
21618	PHYTOLACCA DECANDRA 200K GL BOIRON	46276252
11752632	PHYTOLACCA DECANDRA 30K GR 4G BOIRON	46276252
21628	PHYTOLACCA DECANDRA 30K GR BOIRON	46276252
23309	PHYTOLACCA DECANDRA 30K GR UNDA	46276252
21622	PHYTOLACCA DECANDRA 5CH GR BOIRON	46276252
23305	PHYTOLACCA DECANDRA 6CH GR UNDA	46276252
21624	PHYTOLACCA DECANDRA 7CH GR BOIRON	46276252
21625	PHYTOLACCA DECANDRA 9CH GR BOIRON	46276252
23874	PHYTOLACCA DECANDRA MK GL UNDA	46276252
55474	PODOPHYLLUM COMPLEX GUTT 30ML DOLISOS	19082850
126938	PODOPHYLLUM PELT 30K GR HOMEOD	19082850
55633	PODOPHYLLUM PELTATUM 200K GL BOIRON	19082850
21642	PODOPHYLLUM PELTATUM 200K GR BOIRON	19082850
21644	PODOPHYLLUM PELTATUM 30K GR BOIRON	19082850
21638	PODOPHYLLUM PELTATUM 5CH GR BOIRON	19082850
23320	PODOPHYLLUM PELTATUM 6CH GR UNDA	19082850
21641	PODOPHYLLUM PELTATUM 9CH GR BOIRON	19082850
13467	POTASSIUM IODIDE VRAC 100G FAG	19082850
118718	PROCAINE AMP INJ 100MG 10X10ML 36918	751699
31696	PROCAINE CHLORHYDR VRAC 100G	40074645
101184	PROCAINE HCL PDR 25G ACA	40074645
152141	PYRIDOXINE HCL VIT B6 100G ABC	19005046
13537	PYRIDOXINE HCL VRAC 250G FAG	19005046
12024472	QUETIAPINE RETARD TEVA C 300 MG 60 COMPRIMES LIBERATION MODIFIEE	35744047
109609	SANDOZ CALCIUM VITAMINE C C 10 COMPRIMES EFFERVESCENTS	40012229
6703	SCOPOLAMINE BROMHYDRATE 1G FED	965748
151001	SCOPOLAMINE HBR VRAC 1G FAG	965748
16774024	SELENIUM 200MCG COMP 100 PHARMANUTRICS	966282
9553442	SELENIUM 50 NATURAL ENERGY CAPS 180	966282
20390	SELENIUM 7CH GR UNDA	966282
62822	SELENIUM A C E COMP 90X200MCG 8273 AOV	966282
84580	SELENIUM ACE D COMP 120 90 30GRATIS 5777	966282
35918	SELENIUM ACE D COMP 180	966282
44259	SELENIUM ACE D COMP 30	966282
119429	SELENIUM ACE D COMP 30 10 PROMO	966282
44260	SELENIUM ACE D COMP 90	966282
182283	SELENIUM ACE ZN K NUTRI ETHIC COMP 60	40986231
62820	SELENIUM CAPS 60X200MCG 8269 AOV	966282
62821	SELENIUM COMP 90X 50MCG 8265 AOV	966282
418086	SELENIUM LUTEINE ACE GEL 30	966282
23417	SELENIUM METALLICUM 200K GR UNDA	966282
20394	SELENIUM METALLICUM 30K GR BOIRON	966282
172260	SELENIUM ZINC COMP 120 90 30	40986231
88577	SELENIUM ZINC COMP 150	40986231
85389	SELENIUM ZINC COMP 30	40986231
62359	SELENIUM ZINC COMP 90	40986231
20742	SEPIA OFFICINALIS 15CH GR BOIRON	1593946
23775	SEPIA OFFICINALIS 15CH GR UNDA	1593946
20731	SEPIA OFFICINALIS 200K GL BOIRON	1593946
20741	SEPIA OFFICINALIS 200K GR BOIRON	1593946
23430	SEPIA OFFICINALIS 200K GR UNDA	1593946
20734	SEPIA OFFICINALIS 30CH GL BOIRON	1593946
20743	SEPIA OFFICINALIS 30CH GR BOIRON	1593946
55646	SEPIA OFFICINALIS 30K GL BOIRON	1593946
20745	SEPIA OFFICINALIS 30K GR BOIRON	1593946
20737	SEPIA OFFICINALIS 5CH GR BOIRON	1593946
23425	SEPIA OFFICINALIS 6CH GR UNDA	1593946
20739	SEPIA OFFICINALIS 7CH GR BOIRON	1593946
20730	SEPIA OFFICINALIS 9CH GL BOIRON	1593946
20740	SEPIA OFFICINALIS 9CH GR BOIRON	1593946
55647	SEPIA OFFICINALIS LMK GL BOIRON	1593946
20732	SEPIA OFFICINALIS MK GL BOIRON	1593946
23673	SEPIA OFFICINALIS MK GL UNDA	1593946
38172	SEPIA OFFICINALIS MK GR BOIRON	1593946
20735	SEPIA OFFICINALIS XMK GL BOIRON	1593946
23674	SEPIA OFFICINALIS XMK GL UNDA	1593946
70937	SEPIA OFFICINALIS XMK GR BOIRON	1593946
25617658	SIMVASTATIN BEPB C 20 MG 56 COMPRIMES PELLICULES	1539411
25617659	SIMVASTATIN BEPB C 20 MG 98 COMPRIMES PELLICULES	1539411
25617660	SIMVASTATIN BEPB C 40 MG 56 COMPRIMES PELLICULES	1539407
25617826	SIMVASTATIN BEPB C 40 MG 98 COMPRIMES PELLICULES	1539407
47826	SODIUM ACETATE TRIHYDRATE 1KG FAG	19077884
16774206	SODIUM BICARBONATE POT COMP 200X1G	40100785
151095	SODIUM BICARBONATE VRAC 100G FAG	939506
7055	SODIUM CHLORURE 0 9 DENOLIN 180MG 20ML 10 AMPOULES	40080069
7049	SODIUM CHLORURE 0 9 DENOLIN 18MG 2ML 10 AMPOULES	40080069
7051	SODIUM CHLORURE 0 9 DENOLIN 45MG 5ML 10 AMPOULES	40080069
7053	SODIUM CHLORURE 0 9 DENOLIN 90MG 10ML 10 AMPOULES	40080069
109021	SOLUTION PR MINOXIDIL 1L FAG	40065461
204463	SORBITOL 70 PANNOC 1L	970011
14007	SORBITOL LIQUIDE USP E 420 1L	970011
404782	TILDIEM RETARD C 200 MG	19135017
404783	TILDIEM RETARD C 300 MG	1328620
12279596	VALSARTAN HCT SANOFI C 80 MG 12 5 MG 28 COMPRIMES PELLICULES	19023453
12279598	VALSARTAN HCT SANOFI C 80 MG 12 5 MG 98 COMPRIMES PELLICULES	19023453
79562	VISCUM ALBUM GEMMO D1 125ML UNDA BOIRON	1330974
91868	VISCUM PINI 200K GR UNDA	1330974
127385	VIT B1 C 100 MG 2ML 10 AMPOULES	40091031
127386	VIT B1 C 250 MG 2ML 10 AMPOULES	40091031
127396	VIT B2 STEROP C 10 MG ML 10 AMPOULES	40079501
127397	VIT B2 STEROP C 10 MG ML 100 AMPOULES	40079501
111387	VIT C COMP A SUCER 150	19011773
13646729	VITAMIN D 3 25MCG 1000IU COMP 90	40025590
7374	VITAMINE A 50000U CAPS 100 LAMBO	19008566
23003359	VITAMINE A C E SELENIUM ZINC CAPS 45	40235453
95305	VITAMINE A PALM 1ME G 25ML FAG	19008339
1683806	VITAMINE A RETINOL 3 333IU 100 LAMBO	19008339
177504	VITAMINE B12 HUISARTSVITAL CAPS 60	1308738
177295	VITAMINE B12 OPTIPHARMA CAPS 90	1308738
14420212	VITAMINE B12 POT COMP 60 PHARMANUTRICS	1308738
30609	VITAMINE B12 TRIT 1 10G BUFA	1308738
30612	VITAMINE B12 TRIT 1PM 25G FED	1308738
158812	VITAMINE C 100 NATURELLE COMP 100	40011717
150328	VITAMINE C 1000MG ACTION PROLONGEE COMP 100	19011853
8591601	VITAMINE C 500 COMP 30	19069200
23003357	VITAMINE C 500 COMP 30	19069200
3514741	VITAMINE C 500MG COMP A CROQUER TUBE 2X12	19069200
3514742	VITAMINE C 500MG COMP EFF TUBE 2X12	19069200
151129	VITAMINE C CITRUS COMP A SUCER 70	40011717
20541989	VITAMINE C COMP EFF 20	40011717
74034	VITAMINE C SLOW TABLETTES 100	40011717
10766519	VITAMINE D 1000IU COMP 168 METAGENICS	19095165
12512830	VITAMINE D 1000IU COMP 84 28 METAGENICS	19095165
10766520	VITAMINE D 1000IU COMP 84 METAGENICS	19095165
7313137	VITAMINE D 1000IU COMP FONDANTS 90 METAGENICS	19095165
121964	VITAMINE D 1000IU DOUGLAS TABL 100	19095165
12512736	VITAMINE D 2000IU COMP 168 METAGENICS	19131348
12512735	VITAMINE D 2000IU COMP 84 METAGENICS	19131348
5503204	VITAMINE D 300IU POT COMP FOND 120 METAGENICS	40025590
10766521	VITAMINE D 400IU COMP 168 METAGENICS	19075302
10766522	VITAMINE D 400IU COMP 84 METAGENICS	19075302
18104064	VITAMINE D 400IU COMP CROQ 84 28 METAGENICS	19075302
8596140	VITAMINE D COMP 90	40025590
8590439	VITAMINE D3 BIOVER CAPS 45	40025588
8590416	VITAMINE D3 CAPS 90	40025588
23009006	VITAMINE D3 CBF SOFTGELS 180	40025588
11258285	VITAMINE D3 GOUTTES 20ML PHARMANUTRICS	40025589
15982820	VITAMINE D3 LIQUID 100ML	40025589
160390	VITAMINE D3 SPRINGFIELD 1000E CAPS 120	40025588
175824	VITAMINE E 400IU SPRINGFIELD SOFTGELS 270	19009594
117747	VITAMINE E 400IU SPRINGFIELD SOFTGELS 90	19009594
111067	VITAMINE E 45UI NATURAL CAPS 100	40092616
148602	VITAMINE E CAPS 60X100MG LAMBO	40092616
166915	VITAMINE E CREME 50ML OPTIMAX	40092636
178044	VITAMINE E LIQUID CAPS 90	40092626
177291	VITAMINE E LIQUID OPTIPHARMA CAPS 90	40092626
54837	VITAMINE K TABL 100X100MCG 8011 C LIFE	40092696
87564	XANTHIUM C 200 MG	42903953
87565	XANTHIUM C 300 MG	42903953
87566	XANTHIUM C 400 MG	42903953
11031142	YOEVID C 20 MG 100 COMPRIMES GASTRO RESISTANTS	948079
11027704	YOEVID C 40 MG 100 COMPRIMES GASTRO RESISTANTS	19080217
31528	YOHIMBINE CHLORHYDRATE 1G FED	1385800
31529	YOHIMBINE CHLORHYDRATE 5G FED	1385800
3510106	YOHIMBINE HCL 1G ABC	1385800
41293	YOHIMBINE HCL 1G ACA	1385800
9331520	ZOLEDRONIC SANDOZ C 5 MG 100ML 1 FLACON POUR PERFUSION	19126450
154271	ZURCALE 20 C 20 MG	948079
109584	ZURCALE 20 C 20 MG 56 COMPRIMES GASTRO RESISTANTS	948079
154272	ZURCALE 40 C 40 MG	19080217
