concept_code_1,concept_code_2,vocabulary_id_1,vocabulary_id_2,relationship_id,valid_start_date,valid_end_date,invalid_reason
"2050776","OMOP557729","LPD_Australia","RxNorm Extension","Maps to","2022-05-27","2099-12-31",
"2043201","378990","LPD_Australia","RxNorm","Maps to","2022-05-27","2099-12-31",
"20579","38400","LPD_Australia","RxNorm","Maps to","2022-05-27","2099-12-31",
"OMOP580687","OMOP5128763","LPD_Australia","RxNorm Extension","Maps to","2022-05-27","2099-12-31",
"2042989","OMOP5119744","LPD_Australia","RxNorm Extension","Maps to","2022-05-27","2099-12-31",
"2044312","1658102","LPD_Australia","RxNorm","Maps to","2022-05-27","2099-12-31",
"2050561","1356580","LPD_Australia","RxNorm","Maps to","2022-05-27","2099-12-31",
"607754","6851","LPD_Australia","RxNorm","Maps to","2022-05-27","2099-12-31",
"OMOP577469","OMOP540516","LPD_Australia","RxNorm Extension","Maps to","2022-05-27","2099-12-31",
"606530","183379","LPD_Australia","RxNorm","Maps to","2022-05-27","2099-12-31",
"2040849","1000026","LPD_Australia","RxNorm","Maps to","2022-05-27","2099-12-31",
"10671","26744","LPD_Australia","RxNorm","Maps to","2022-05-27","2099-12-31",
"4618","211365","LPD_Australia","RxNorm","Maps to","2022-05-27","2099-12-31",
"OMOP579793","1251493","LPD_Australia","RxNorm","Maps to","2022-05-27","2099-12-31",
"21545","331105","LPD_Australia","RxNorm","Maps to","2022-05-27","2099-12-31",
"15051","1423702","LPD_Australia","RxNorm","Maps to","2022-05-27","2099-12-31",
"603849","19831","LPD_Australia","RxNorm","Maps to","2022-05-27","2099-12-31",
"23903","1658062","LPD_Australia","RxNorm","Maps to","2022-05-27","2099-12-31",
"OMOP578883","OMOP531208","LPD_Australia","RxNorm Extension","Maps to","2022-05-27","2099-12-31",
"OMOP576532","368560","LPD_Australia","RxNorm","Maps to","2022-05-27","2099-12-31",
"2045073","OMOP544170","LPD_Australia","RxNorm Extension","Maps to","2022-05-27","2099-12-31",
"596758","265323","LPD_Australia","RxNorm","Maps to","2022-05-27","2099-12-31",
"2040430","977437","LPD_Australia","RxNorm","Maps to","2022-05-27","2099-12-31",
"607394","6902","LPD_Australia","RxNorm","Maps to","2022-05-27","2099-12-31",
"27614","6574","LPD_Australia","RxNorm","Maps to","2022-05-27","2099-12-31",
"2044572","OMOP326034","LPD_Australia","RxNorm Extension","Maps to","2022-05-27","2099-12-31",
"6291","OMOP4974870","LPD_Australia","RxNorm Extension","Maps to","2022-05-27","2099-12-31",
"2050003","OMOP539424","LPD_Australia","RxNorm Extension","Maps to","2022-05-27","2099-12-31",
"2043537","OMOP991248","LPD_Australia","RxNorm Extension","Maps to","2022-05-27","2099-12-31",
"603492","1310510","LPD_Australia","RxNorm","Maps to","2022-05-27","2099-12-31",
"15320","6205","LPD_Australia","RxNorm","Maps to","2022-05-27","2099-12-31",
"21484","OMOP345273","LPD_Australia","RxNorm Extension","Maps to","2022-05-27","2099-12-31",
"25450","OMOP3049112","LPD_Australia","RxNorm Extension","Maps to","2022-05-27","2099-12-31",
"23837","OMOP5132620","LPD_Australia","RxNorm Extension","Maps to","2022-05-27","2099-12-31",
"2048769","OMOP2806073","LPD_Australia","RxNorm Extension","Maps to","2022-05-27","2099-12-31",
"OMOP582099","206605","LPD_Australia","RxNorm","Maps to","2022-05-27","2099-12-31",
"2043835","3966","LPD_Australia","RxNorm","Maps to","2022-05-27","2099-12-31",
"2039844","1652641","LPD_Australia","RxNorm","Maps to","2022-05-27","2099-12-31",
"605194","135775","LPD_Australia","RxNorm","Maps to","2022-05-27","2099-12-31",
"2044250","1873470","LPD_Australia","RxNorm","Maps to","2022-05-27","2099-12-31",
"OMOP579752","1946395","LPD_Australia","RxNorm","Maps to","2022-05-27","2099-12-31",
"17087","236809","LPD_Australia","RxNorm","Maps to","2022-05-27","2099-12-31",
"2040904","373259","LPD_Australia","RxNorm","Maps to","2022-05-27","2099-12-31",
"2042437","375357","LPD_Australia","RxNorm","Maps to","2022-05-27","2099-12-31",
"14859","723","LPD_Australia","RxNorm","Maps to","2022-05-27","2099-12-31",
"4040","152625","LPD_Australia","RxNorm","Maps to","2022-05-27","2099-12-31",
"11514","8896","LPD_Australia","RxNorm","Maps to","2022-05-27","2099-12-31",
"4620","6227","LPD_Australia","RxNorm","Maps to","2022-05-27","2099-12-31",
"OMOP578661","OMOP531143","LPD_Australia","RxNorm Extension","Maps to","2022-05-27","2099-12-31",
"603218","135447","LPD_Australia","RxNorm","Maps to","2022-05-27","2099-12-31",
"607277","8703","LPD_Australia","RxNorm","Maps to","2022-05-27","2099-12-31",
"OMOP581893","OMOP531149","LPD_Australia","RxNorm Extension","Maps to","2022-05-27","2099-12-31",
"2047545","OMOP532838","LPD_Australia","RxNorm Extension","Maps to","2022-05-27","2099-12-31",
"33439","OMOP994671","LPD_Australia","RxNorm Extension","Maps to","2022-05-27","2099-12-31",
"603179","183379","LPD_Australia","RxNorm","Maps to","2022-05-27","2099-12-31",
"2049403","316404","LPD_Australia","RxNorm","Maps to","2022-05-27","2099-12-31",
"607397","6902","LPD_Australia","RxNorm","Maps to","2022-05-27","2099-12-31",
"10059","313518","LPD_Australia","RxNorm","Maps to","2022-05-27","2099-12-31",
"2040962","1547974","LPD_Australia","RxNorm","Maps to","2022-05-27","2099-12-31",
"2048811","728225","LPD_Australia","RxNorm","Maps to","2022-05-27","2099-12-31",
"2046106","6582","LPD_Australia","RxNorm","Maps to","2022-05-27","2099-12-31",
"OMOP576745","OMOP5148635","LPD_Australia","RxNorm Extension","Maps to","2022-05-27","2099-12-31",
"33603","OMOP1102254","LPD_Australia","RxNorm Extension","Maps to","2022-05-27","2099-12-31",
"606423","1357536","LPD_Australia","RxNorm","Maps to","2022-05-27","2099-12-31",
"18787","2108226","LPD_Australia","RxNorm","Maps to","2022-05-27","2099-12-31",
"OMOP579752","42769","LPD_Australia","RxNorm","Maps to","2022-05-27","2099-12-31",
"18522","349491","LPD_Australia","RxNorm","Maps to","2022-05-27","2099-12-31",
"11584","OMOP558358","LPD_Australia","RxNorm Extension","Maps to","2022-05-27","2099-12-31",
"11788","OMOP561522","LPD_Australia","RxNorm Extension","Maps to","2022-05-27","2099-12-31",
"4931","1736778","LPD_Australia","RxNorm","Maps to","2022-05-27","2099-12-31",
"2050607","OMOP573929","LPD_Australia","RxNorm Extension","Maps to","2022-05-27","2099-12-31",
"5820","203970","LPD_Australia","RxNorm","Maps to","2022-05-27","2099-12-31",
"606985","OMOP545224","LPD_Australia","RxNorm Extension","Maps to","2022-05-27","2099-12-31",
"2040275","75917","LPD_Australia","RxNorm","Maps to","2022-05-27","2099-12-31",
"13644","OMOP4828326","LPD_Australia","RxNorm Extension","Maps to","2022-05-27","2099-12-31",
"13154","17609","LPD_Australia","RxNorm","Maps to","2022-05-27","2099-12-31",
"12687","OMOP5051440","LPD_Australia","RxNorm Extension","Maps to","2022-05-27","2099-12-31",
"15320","OMOP5051440","LPD_Australia","RxNorm Extension","Maps to","2022-05-27","2099-12-31",
"2050674","999991","LPD_Australia","RxNorm","Maps to","2022-05-27","2099-12-31",
"OMOP581472","OMOP543478","LPD_Australia","RxNorm Extension","Maps to","2022-05-27","2099-12-31",
"24085","319864","LPD_Australia","RxNorm","Maps to","2022-05-27","2099-12-31",
"2040810","250804","LPD_Australia","RxNorm","Maps to","2022-05-27","2099-12-31",
"2047677","378762","LPD_Australia","RxNorm","Maps to","2022-05-27","2099-12-31",
"21545","332374","LPD_Australia","RxNorm","Maps to","2022-05-27","2099-12-31",
"2040141","OMOP4708655","LPD_Australia","RxNorm Extension","Maps to","2022-05-27","2099-12-31",
"21544","332374","LPD_Australia","RxNorm","Maps to","2022-05-27","2099-12-31",
"20473","198250","LPD_Australia","RxNorm","Maps to","2022-05-27","2099-12-31",
"8425","105695","LPD_Australia","RxNorm","Maps to","2022-05-27","2099-12-31",
"3368","OMOP1120054","LPD_Australia","RxNorm Extension","Maps to","2022-05-27","2099-12-31",
"2040255","1010600","LPD_Australia","RxNorm","Maps to","2022-05-27","2099-12-31",
"14380","1809031","LPD_Australia","RxNorm","Maps to","2022-05-27","2099-12-31",
"2049647","OMOP2125190","LPD_Australia","RxNorm Extension","Maps to","2022-05-27","2099-12-31",
"2045199","213361","LPD_Australia","RxNorm","Maps to","2022-05-27","2099-12-31",
"20782","1311070","LPD_Australia","RxNorm","Maps to","2022-05-27","2099-12-31",
"608131","83367","LPD_Australia","RxNorm","Maps to","2022-05-27","2099-12-31",
"588308","OMOP2436422","LPD_Australia","RxNorm Extension","Maps to","2022-05-27","2099-12-31",
"OMOP578802","OMOP531136","LPD_Australia","RxNorm Extension","Maps to","2022-05-27","2099-12-31",
"2048864","OMOP5130008","LPD_Australia","RxNorm Extension","Maps to","2022-05-27","2099-12-31",
"33607","1309226","LPD_Australia","RxNorm","Maps to","2022-05-27","2099-12-31",
"20097","104129","LPD_Australia","RxNorm","Maps to","2022-05-27","2099-12-31",
"2040400","432400","LPD_Australia","RxNorm","Maps to","2022-05-27","2099-12-31",
"2046035","199083","LPD_Australia","RxNorm","Maps to","2022-05-27","2099-12-31",
"2041191","29155","LPD_Australia","RxNorm","Maps to","2022-05-27","2099-12-31",
"2039868","OMOP351542","LPD_Australia","RxNorm Extension","Maps to","2022-05-27","2099-12-31",
"2042601","995607","LPD_Australia","RxNorm","Maps to","2022-05-27","2099-12-31",
"13187","6750","LPD_Australia","RxNorm","Maps to","2022-05-27","2099-12-31",
"2578","OMOP2780011","LPD_Australia","RxNorm Extension","Maps to","2022-05-27","2099-12-31",
"607200","4385","LPD_Australia","RxNorm","Maps to","2022-05-27","2099-12-31",
"19740","OMOP3129657","LPD_Australia","RxNorm Extension","Maps to","2022-05-27","2099-12-31",
"OMOP579660","OMOP531189","LPD_Australia","RxNorm Extension","Maps to","2022-05-27","2099-12-31",
"2042995","373576","LPD_Australia","RxNorm","Maps to","2022-05-27","2099-12-31",
"602318","OMOP1039058","LPD_Australia","RxNorm Extension","Maps to","2022-05-27","2099-12-31",
"606796","1656338","LPD_Australia","RxNorm","Maps to","2022-05-27","2099-12-31",
"2047019","876690","LPD_Australia","RxNorm","Maps to","2022-05-27","2099-12-31",
"2043924","315449","LPD_Australia","RxNorm","Maps to","2022-05-27","2099-12-31",
"607275","8703","LPD_Australia","RxNorm","Maps to","2022-05-27","2099-12-31",
"13215","56466","LPD_Australia","RxNorm","Maps to","2022-05-27","2099-12-31",
"21947","OMOP558143","LPD_Australia","RxNorm Extension","Maps to","2022-05-27","2099-12-31",
"2044516","OMOP988898","LPD_Australia","RxNorm Extension","Maps to","2022-05-27","2099-12-31",
"19163","279950","LPD_Australia","RxNorm","Maps to","2022-05-27","2099-12-31",
"603492","1306115","LPD_Australia","RxNorm","Maps to","2022-05-27","2099-12-31",
"2045613","OMOP533657","LPD_Australia","RxNorm Extension","Maps to","2022-05-27","2099-12-31",
"607565","721790","LPD_Australia","RxNorm","Maps to","2022-05-27","2099-12-31",
"OMOP579752","11416","LPD_Australia","RxNorm","Maps to","2022-05-27","2099-12-31",
"606605","OMOP560605","LPD_Australia","RxNorm Extension","Maps to","2022-05-27","2099-12-31",
"2047507","22701","LPD_Australia","RxNorm","Maps to","2022-05-27","2099-12-31",
"2040005","993466","LPD_Australia","RxNorm","Maps to","2022-05-27","2099-12-31",
"OMOP579180","OMOP531166","LPD_Australia","RxNorm Extension","Maps to","2022-05-27","2099-12-31",
"29205","1309362","LPD_Australia","RxNorm","Maps to","2022-05-27","2099-12-31",
"602006","36567","LPD_Australia","RxNorm","Maps to","2022-05-27","2099-12-31",
"2040189","OMOP357875","LPD_Australia","RxNorm Extension","Maps to","2022-05-27","2099-12-31",
"14888","210528","LPD_Australia","RxNorm","Maps to","2022-05-27","2099-12-31",
"607812","OMOP535032","LPD_Australia","RxNorm Extension","Maps to","2022-05-27","2099-12-31",
"7135","OMOP546740","LPD_Australia","RxNorm Extension","Maps to","2022-05-27","2099-12-31",
"OMOP581901","OMOP1055389","LPD_Australia","RxNorm Extension","Maps to","2022-05-27","2099-12-31",
"602427","267366","LPD_Australia","RxNorm","Maps to","2022-05-27","2099-12-31",
"2044061","104876","LPD_Australia","RxNorm","Maps to","2022-05-27","2099-12-31",
"2040099","OMOP548654","LPD_Australia","RxNorm Extension","Maps to","2022-05-27","2099-12-31",
"2048507","OMOP547131","LPD_Australia","RxNorm Extension","Maps to","2022-05-27","2099-12-31",
"2042748","26744","LPD_Australia","RxNorm","Maps to","2022-05-27","2099-12-31",
"2042719","OMOP752120","LPD_Australia","RxNorm Extension","Maps to","2022-05-27","2099-12-31",
"2040909","102697","LPD_Australia","RxNorm","Maps to","2022-05-27","2099-12-31",
"2045264","OMOP557721","LPD_Australia","RxNorm Extension","Maps to","2022-05-27","2099-12-31",
"17725","OMOP419117","LPD_Australia","RxNorm Extension","Maps to","2022-05-27","2099-12-31",
"2050794","OMOP1000568","LPD_Australia","RxNorm Extension","Maps to","2022-05-27","2099-12-31",
"20926","91","LPD_Australia","CVX","Maps to","2022-05-27","2099-12-31",
"OMOP579169","OMOP411185","LPD_Australia","RxNorm Extension","Maps to","2022-05-27","2099-12-31",
"606727","19831","LPD_Australia","RxNorm","Maps to","2022-05-27","2099-12-31",
"602448","267366","LPD_Australia","RxNorm","Maps to","2022-05-27","2099-12-31",
"2046698","1359730","LPD_Australia","RxNorm","Maps to","2022-05-27","2099-12-31",
"2044251","OMOP5123095","LPD_Australia","RxNorm Extension","Maps to","2022-05-27","2099-12-31",
"2047911","OMOP547940","LPD_Australia","RxNorm Extension","Maps to","2022-05-27","2099-12-31",
"607395","6902","LPD_Australia","RxNorm","Maps to","2022-05-27","2099-12-31",
"OMOP577468","OMOP530393","LPD_Australia","RxNorm Extension","Maps to","2022-05-27","2099-12-31",
"2041176","OMOP5048266","LPD_Australia","RxNorm Extension","Maps to","2022-05-27","2099-12-31",
"25081","OMOP4825626","LPD_Australia","RxNorm Extension","Maps to","2022-05-27","2099-12-31",
"2046867","OMOP4734417","LPD_Australia","RxNorm Extension","Maps to","2022-05-27","2099-12-31",
"2048517","324039","LPD_Australia","RxNorm","Maps to","2022-05-27","2099-12-31",
"2048551","OMOP541857","LPD_Australia","RxNorm Extension","Maps to","2022-05-27","2099-12-31",
"2040419","854252","LPD_Australia","RxNorm","Maps to","2022-05-27","2099-12-31",
"2050932","247717","LPD_Australia","RxNorm","Maps to","2022-05-27","2099-12-31",
"2048424","OMOP537586","LPD_Australia","RxNorm Extension","Maps to","2022-05-27","2099-12-31",
"2050813","OMOP534416","LPD_Australia","RxNorm Extension","Maps to","2022-05-27","2099-12-31",
"3619","OMOP994600","LPD_Australia","RxNorm Extension","Maps to","2022-05-27","2099-12-31",
"2042320","141995","LPD_Australia","RxNorm","Maps to","2022-05-27","2099-12-31",
"2040191","1376335","LPD_Australia","RxNorm","Maps to","2022-05-27","2099-12-31",
"11705","2181303","LPD_Australia","RxNorm","Maps to","2022-05-27","2099-12-31",
"OMOP576744","OMOP5148587","LPD_Australia","RxNorm Extension","Maps to","2022-05-27","2099-12-31",
"OMOP576481","OMOP543373","LPD_Australia","RxNorm Extension","Maps to","2022-05-27","2099-12-31",
"21875","9873","LPD_Australia","RxNorm","Maps to","2022-05-27","2099-12-31",
"29940","5499","LPD_Australia","RxNorm","Maps to","2022-05-27","2099-12-31",
"15151","1359766","LPD_Australia","RxNorm","Maps to","2022-05-27","2099-12-31",
"OMOP576997","OMOP543846","LPD_Australia","RxNorm Extension","Maps to","2022-05-27","2099-12-31",
"OMOP582098","OMOP395201","LPD_Australia","RxNorm Extension","Maps to","2022-05-27","2099-12-31",
"2048120","OMOP5135144","LPD_Australia","RxNorm Extension","Maps to","2022-05-27","2099-12-31",
"2043206","207107","LPD_Australia","RxNorm","Maps to","2022-05-27","2099-12-31",
"2044461","892554","LPD_Australia","RxNorm","Maps to","2022-05-27","2099-12-31",
"607468","108118","LPD_Australia","RxNorm","Maps to","2022-05-27","2099-12-31",
"588425","OMOP5145489","LPD_Australia","RxNorm Extension","Maps to","2022-05-27","2099-12-31",
"2046936","OMOP410493","LPD_Australia","RxNorm Extension","Maps to","2022-05-27","2099-12-31",
"2040482","OMOP2246666","LPD_Australia","RxNorm Extension","Maps to","2022-05-27","2099-12-31",
"2046106","684879","LPD_Australia","RxNorm","Maps to","2022-05-27","2099-12-31",
"2046034","OMOP3135860","LPD_Australia","RxNorm Extension","Maps to","2022-05-27","2099-12-31",
"2046782","1946521","LPD_Australia","RxNorm","Maps to","2022-05-27","2099-12-31",
"17696","OMOP5124909","LPD_Australia","RxNorm Extension","Maps to","2022-05-27","2099-12-31",
"11104","1946772","LPD_Australia","RxNorm","Maps to","2022-05-27","2099-12-31",
"8847","42316","LPD_Australia","RxNorm","Maps to","2022-05-27","2099-12-31",
"14644","4792","LPD_Australia","RxNorm","Maps to","2022-05-27","2099-12-31",
"607757","6851","LPD_Australia","RxNorm","Maps to","2022-05-27","2099-12-31",
"591009","OMOP551872","LPD_Australia","RxNorm Extension","Maps to","2022-05-27","2099-12-31",
"22049","OMOP562680","LPD_Australia","RxNorm Extension","Maps to","2022-05-27","2099-12-31",
"604892","36567","LPD_Australia","RxNorm","Maps to","2022-05-27","2099-12-31",
"2046278","892352","LPD_Australia","RxNorm","Maps to","2022-05-27","2099-12-31",
"2046562","603536","LPD_Australia","RxNorm","Maps to","2022-05-27","2099-12-31",
"607200","10528","LPD_Australia","RxNorm","Maps to","2022-05-27","2099-12-31",
"3616","OMOP532484","LPD_Australia","RxNorm Extension","Maps to","2022-05-27","2099-12-31",
"2041191","1897","LPD_Australia","RxNorm","Maps to","2022-05-27","2099-12-31",
"606488","42316","LPD_Australia","RxNorm","Maps to","2022-05-27","2099-12-31",
"603849","25255","LPD_Australia","RxNorm","Maps to","2022-05-27","2099-12-31",
"OMOP578052","OMOP1089477","LPD_Australia","RxNorm Extension","Maps to","2022-05-27","2099-12-31",
"OMOP576365","371540","LPD_Australia","RxNorm","Maps to","2022-05-27","2099-12-31",
"OMOP581908","OMOP540518","LPD_Australia","RxNorm Extension","Maps to","2022-05-27","2099-12-31",
"604889","36567","LPD_Australia","RxNorm","Maps to","2022-05-27","2099-12-31",
"2040958","329044","LPD_Australia","RxNorm","Maps to","2022-05-27","2099-12-31",
"OMOP579751","42769","LPD_Australia","RxNorm","Maps to","2022-05-27","2099-12-31",
"11514","161","LPD_Australia","RxNorm","Maps to","2022-05-27","2099-12-31",
"607422","6902","LPD_Australia","RxNorm","Maps to","2022-05-27","2099-12-31",
"OMOP579759","1344643","LPD_Australia","RxNorm","Maps to","2022-05-27","2099-12-31",
"2046106","476818","LPD_Australia","RxNorm","Maps to","2022-05-27","2099-12-31",
"10434","1043657","LPD_Australia","RxNorm","Maps to","2022-05-27","2099-12-31",
"2044353","OMOP2157243","LPD_Australia","RxNorm Extension","Maps to","2022-05-27","2099-12-31",
"603531","88249","LPD_Australia","RxNorm","Maps to","2022-05-27","2099-12-31",
"602355","153124","LPD_Australia","RxNorm","Maps to","2022-05-27","2099-12-31",
"OMOP576862","428023","LPD_Australia","RxNorm","Maps to","2022-05-27","2099-12-31",
"OMOP577472","OMOP530396","LPD_Australia","RxNorm Extension","Maps to","2022-05-27","2099-12-31",
"2046396","330468","LPD_Australia","RxNorm","Maps to","2022-05-27","2099-12-31",
"20550","26","LPD_Australia","CVX","Maps to","2022-05-27","2099-12-31",
"OMOP576392","OMOP3114015","LPD_Australia","RxNorm Extension","Maps to","2022-05-27","2099-12-31",
"OMOP575626","371070","LPD_Australia","RxNorm","Maps to","2022-05-27","2099-12-31",
"2043889","2393","LPD_Australia","RxNorm","Maps to","2022-05-27","2099-12-31",
"2045913","OMOP5145657","LPD_Australia","RxNorm Extension","Maps to","2022-05-27","2099-12-31",
"2039892","OMOP4995839","LPD_Australia","RxNorm Extension","Maps to","2022-05-27","2099-12-31",
"2046606","1012383","LPD_Australia","RxNorm","Maps to","2022-05-27","2099-12-31",
"2041497","150921","LPD_Australia","RxNorm","Maps to","2022-05-27","2099-12-31",
"606968","641465","LPD_Australia","RxNorm","Maps to","2022-05-27","2099-12-31",
"2045289","2623","LPD_Australia","RxNorm","Maps to","2022-05-27","2099-12-31",
"2040805","197770","LPD_Australia","RxNorm","Maps to","2022-05-27","2099-12-31",
"2047299","OMOP5148835","LPD_Australia","RxNorm Extension","Maps to","2022-05-27","2099-12-31",
"2041603","OMOP535762","LPD_Australia","RxNorm Extension","Maps to","2022-05-27","2099-12-31",
"2039900","OMOP5141935","LPD_Australia","RxNorm Extension","Maps to","2022-05-27","2099-12-31",
"OMOP580086","OMOP543100","LPD_Australia","RxNorm Extension","Maps to","2022-05-27","2099-12-31",
"2425","OMOP3100386","LPD_Australia","RxNorm Extension","Maps to","2022-05-27","2099-12-31",
"605911","OMOP535827","LPD_Australia","RxNorm Extension","Maps to","2022-05-27","2099-12-31",
"OMOP580200","1651312","LPD_Australia","RxNorm","Maps to","2022-05-27","2099-12-31",
"32832","OMOP994671","LPD_Australia","RxNorm Extension","Maps to","2022-05-27","2099-12-31",
"OMOP579760","1307749","LPD_Australia","RxNorm","Maps to","2022-05-27","2099-12-31",
"2047353","20976","LPD_Australia","RxNorm","Maps to","2022-05-27","2099-12-31",
"22570","OMOP2559533","LPD_Australia","RxNorm Extension","Maps to","2022-05-27","2099-12-31",
"591385","OMOP1062134","LPD_Australia","RxNorm Extension","Maps to","2022-05-27","2099-12-31",
"13163","9525","LPD_Australia","RxNorm","Maps to","2022-05-27","2099-12-31",
"2044097","892648","LPD_Australia","RxNorm","Maps to","2022-05-27","2099-12-31",
"33604","OMOP1131519","LPD_Australia","RxNorm Extension","Maps to","2022-05-27","2099-12-31",
"18826","315750","LPD_Australia","RxNorm","Maps to","2022-05-27","2099-12-31",
"14998","1665097","LPD_Australia","RxNorm","Maps to","2022-05-27","2099-12-31",
"606147","114477","LPD_Australia","RxNorm","Maps to","2022-05-27","2099-12-31",
"2042882","17621","LPD_Australia","RxNorm","Maps to","2022-05-27","2099-12-31",
"2049217","OMOP369005","LPD_Australia","RxNorm Extension","Maps to","2022-05-27","2099-12-31",
"OMOP579796","197659","LPD_Australia","RxNorm","Maps to","2022-05-27","2099-12-31",
"2046563","OMOP3097769","LPD_Australia","RxNorm Extension","Maps to","2022-05-27","2099-12-31",
"2046982","OMOP395469","LPD_Australia","RxNorm Extension","Maps to","2022-05-27","2099-12-31",
"13522","1360047","LPD_Australia","RxNorm","Maps to","2022-05-27","2099-12-31",
"2042073","OMOP2180405","LPD_Australia","RxNorm Extension","Maps to","2022-05-27","2099-12-31",
"2046416","OMOP2804207","LPD_Australia","RxNorm Extension","Maps to","2022-05-27","2099-12-31",
"29906","285241","LPD_Australia","RxNorm","Maps to","2022-05-27","2099-12-31",
"2042817","372337","LPD_Australia","RxNorm","Maps to","2022-05-27","2099-12-31",
"OMOP579751","1307749","LPD_Australia","RxNorm","Maps to","2022-05-27","2099-12-31",
"2049433","403852","LPD_Australia","RxNorm","Maps to","2022-05-27","2099-12-31",
"2040740","11248","LPD_Australia","RxNorm","Maps to","2022-05-27","2099-12-31",
"604662","7824","LPD_Australia","RxNorm","Maps to","2022-05-27","2099-12-31",
"2048802","316643","LPD_Australia","RxNorm","Maps to","2022-05-27","2099-12-31",
"607861","OMOP528494","LPD_Australia","RxNorm Extension","Maps to","2022-05-27","2099-12-31",
"604213","OMOP5134460","LPD_Australia","RxNorm Extension","Maps to","2022-05-27","2099-12-31",
"OMOP576467","OMOP543529","LPD_Australia","RxNorm Extension","Maps to","2022-05-27","2099-12-31",
"15828","1037162","LPD_Australia","RxNorm","Maps to","2022-05-27","2099-12-31",
"OMOP580199","OMOP2507629","LPD_Australia","RxNorm Extension","Maps to","2022-05-27","2099-12-31",
"607420","6902","LPD_Australia","RxNorm","Maps to","2022-05-27","2099-12-31",
"605295","1487514","LPD_Australia","RxNorm","Maps to","2022-05-27","2099-12-31",
"2039964","1718923","LPD_Australia","RxNorm","Maps to","2022-05-27","2099-12-31",
"2046252","1000376","LPD_Australia","RxNorm","Maps to","2022-05-27","2099-12-31",
"602261","283838","LPD_Australia","RxNorm","Maps to","2022-05-27","2099-12-31",
"37158","OMOP994671","LPD_Australia","RxNorm Extension","Maps to","2022-05-27","2099-12-31",
"497532","88","LPD_Australia","CVX","Maps to","2022-05-27","2099-12-31",
"2040505","1731993","LPD_Australia","RxNorm","Maps to","2022-05-27","2099-12-31",
"16427","992898","LPD_Australia","RxNorm","Maps to","2022-05-27","2099-12-31",
"17637","61148","LPD_Australia","RxNorm","Maps to","2022-05-27","2099-12-31",
"OMOP581875","OMOP531154","LPD_Australia","RxNorm Extension","Maps to","2022-05-27","2099-12-31",
"OMOP576919","OMOP5149804","LPD_Australia","RxNorm Extension","Maps to","2022-05-27","2099-12-31",
"597708","540395","LPD_Australia","RxNorm","Maps to","2022-05-27","2099-12-31",
"OMOP576935","OMOP5149842","LPD_Australia","RxNorm Extension","Maps to","2022-05-27","2099-12-31",
"2045679","905350","LPD_Australia","RxNorm","Maps to","2022-05-27","2099-12-31",
"OMOP577358","OMOP531167","LPD_Australia","RxNorm Extension","Maps to","2022-05-27","2099-12-31",
"596444","OMOP556353","LPD_Australia","RxNorm Extension","Maps to","2022-05-27","2099-12-31",
"1120","OMOP532488","LPD_Australia","RxNorm Extension","Maps to","2022-05-27","2099-12-31",
"2044243","OMOP2804323","LPD_Australia","RxNorm Extension","Maps to","2022-05-27","2099-12-31",
"OMOP580684","OMOP540577","LPD_Australia","RxNorm Extension","Maps to","2022-05-27","2099-12-31",
"591512","11251","LPD_Australia","RxNorm","Maps to","2022-05-27","2099-12-31",
"603492","45045","LPD_Australia","RxNorm","Maps to","2022-05-27","2099-12-31",
"OMOP580686","OMOP540575","LPD_Australia","RxNorm Extension","Maps to","2022-05-27","2099-12-31",
"OMOP578663","OMOP531163","LPD_Australia","RxNorm Extension","Maps to","2022-05-27","2099-12-31",
"20474","198250","LPD_Australia","RxNorm","Maps to","2022-05-27","2099-12-31",
"2042186","331736","LPD_Australia","RxNorm","Maps to","2022-05-27","2099-12-31",
"2041714","OMOP5127263","LPD_Australia","RxNorm Extension","Maps to","2022-05-27","2099-12-31",
"2050142","8516","LPD_Australia","RxNorm","Maps to","2022-05-27","2099-12-31",
"OMOP575756","310463","LPD_Australia","RxNorm","Maps to","2022-05-27","2099-12-31",
"602320","OMOP1039058","LPD_Australia","RxNorm Extension","Maps to","2022-05-27","2099-12-31",
"2042401","1362712","LPD_Australia","RxNorm","Maps to","2022-05-27","2099-12-31",
"2043318","8928","LPD_Australia","RxNorm","Maps to","2022-05-27","2099-12-31",
"2040254","351266","LPD_Australia","RxNorm","Maps to","2022-05-27","2099-12-31",
"OMOP579795","197658","LPD_Australia","RxNorm","Maps to","2022-05-27","2099-12-31",
"2043904","315900","LPD_Australia","RxNorm","Maps to","2022-05-27","2099-12-31",
"2041525","368417","LPD_Australia","RxNorm","Maps to","2022-05-27","2099-12-31",
"2044701","OMOP4723531","LPD_Australia","RxNorm Extension","Maps to","2022-05-27","2099-12-31",
"591807","OMOP994671","LPD_Australia","RxNorm Extension","Maps to","2022-05-27","2099-12-31",
"591330","161","LPD_Australia","RxNorm","Maps to","2022-05-27","2099-12-31",
"7133","OMOP547058","LPD_Australia","RxNorm Extension","Maps to","2022-05-27","2099-12-31",
"12687","6205","LPD_Australia","RxNorm","Maps to","2022-05-27","2099-12-31",
"607226","8149","LPD_Australia","RxNorm","Maps to","2022-05-27","2099-12-31",
"OMOP579751","1946395","LPD_Australia","RxNorm","Maps to","2022-05-27","2099-12-31",
"2044030","202301","LPD_Australia","RxNorm","Maps to","2022-05-27","2099-12-31",
"18863","283742","LPD_Australia","RxNorm","Maps to","2022-05-27","2099-12-31",
"OMOP579752","228041","LPD_Australia","RxNorm","Maps to","2022-05-27","2099-12-31",
"2045289","6387","LPD_Australia","RxNorm","Maps to","2022-05-27","2099-12-31",
"21544","331105","LPD_Australia","RxNorm","Maps to","2022-05-27","2099-12-31",
"608066","OMOP528764","LPD_Australia","RxNorm Extension","Maps to","2022-05-27","2099-12-31",
"2045289","7299","LPD_Australia","RxNorm","Maps to","2022-05-27","2099-12-31",
"OMOP579166","OMOP531148","LPD_Australia","RxNorm Extension","Maps to","2022-05-27","2099-12-31",
"2041121","OMOP556867","LPD_Australia","RxNorm Extension","Maps to","2022-05-27","2099-12-31",
"589618","2231","LPD_Australia","RxNorm","Maps to","2022-05-27","2099-12-31",
"589160","11251","LPD_Australia","RxNorm","Maps to","2022-05-27","2099-12-31",
"2047710","603541","LPD_Australia","RxNorm","Maps to","2022-05-27","2099-12-31",
"OMOP579401","OMOP4831260","LPD_Australia","RxNorm Extension","Maps to","2022-05-27","2099-12-31",
"OMOP578803","OMOP531177","LPD_Australia","RxNorm Extension","Maps to","2022-05-27","2099-12-31",
"OMOP581471","OMOP1081958","LPD_Australia","RxNorm Extension","Maps to","2022-05-27","2099-12-31",
"2047017","876693","LPD_Australia","RxNorm","Maps to","2022-05-27","2099-12-31",
"2043209","905282","LPD_Australia","RxNorm","Maps to","2022-05-27","2099-12-31",
"2042697","OMOP749826","LPD_Australia","RxNorm Extension","Maps to","2022-05-27","2099-12-31",
"OMOP579648","310463","LPD_Australia","RxNorm","Maps to","2022-05-27","2099-12-31",
"29602","OMOP2309228","LPD_Australia","RxNorm Extension","Maps to","2022-05-27","2099-12-31",
"OMOP575032","370579","LPD_Australia","RxNorm","Maps to","2022-05-27","2099-12-31",
"OMOP576146","OMOP543420","LPD_Australia","RxNorm Extension","Maps to","2022-05-27","2099-12-31",
"13704","OMOP999814","LPD_Australia","RxNorm Extension","Maps to","2022-05-27","2099-12-31",
"OMOP581909","OMOP540547","LPD_Australia","RxNorm Extension","Maps to","2022-05-27","2099-12-31",
"2041095","855296","LPD_Australia","RxNorm","Maps to","2022-05-27","2099-12-31",
"2040251","1797431","LPD_Australia","RxNorm","Maps to","2022-05-27","2099-12-31",
"606703","4337","LPD_Australia","RxNorm","Maps to","2022-05-27","2099-12-31",
"2046051","OMOP402187","LPD_Australia","RxNorm Extension","Maps to","2022-05-27","2099-12-31",
"4770","61148","LPD_Australia","RxNorm","Maps to","2022-05-27","2099-12-31",
"2043891","309714","LPD_Australia","RxNorm","Maps to","2022-05-27","2099-12-31",
"2048185","OMOP3122936","LPD_Australia","RxNorm Extension","Maps to","2022-05-27","2099-12-31",
"2049205","OMOP368995","LPD_Australia","RxNorm Extension","Maps to","2022-05-27","2099-12-31",
"607635","136411","LPD_Australia","RxNorm","Maps to","2022-05-27","2099-12-31",
"590737","OMOP556868","LPD_Australia","RxNorm Extension","Maps to","2022-05-27","2099-12-31",
"608144","OMOP5148075","LPD_Australia","RxNorm Extension","Maps to","2022-05-27","2099-12-31",
"OMOP576150","OMOP542933","LPD_Australia","RxNorm Extension","Maps to","2022-05-27","2099-12-31",
"4620","7906","LPD_Australia","RxNorm","Maps to","2022-05-27","2099-12-31",
"2049863","OMOP531440","LPD_Australia","RxNorm Extension","Maps to","2022-05-27","2099-12-31",
"OMOP579760","1946395","LPD_Australia","RxNorm","Maps to","2022-05-27","2099-12-31",
"2041547","OMOP2809175","LPD_Australia","RxNorm Extension","Maps to","2022-05-27","2099-12-31",
"18270","381058","LPD_Australia","RxNorm","Maps to","2022-05-27","2099-12-31",
"605670","7242","LPD_Australia","RxNorm","Maps to","2022-05-27","2099-12-31",
"2046695","OMOP419599","LPD_Australia","RxNorm Extension","Maps to","2022-05-27","2099-12-31",
"2046986","OMOP5122631","LPD_Australia","RxNorm Extension","Maps to","2022-05-27","2099-12-31",
"2039990","OMOP417707","LPD_Australia","RxNorm Extension","Maps to","2022-05-27","2099-12-31",
"3588","265323","LPD_Australia","RxNorm","Maps to","2022-05-27","2099-12-31",
"OMOP579175","OMOP531147","LPD_Australia","RxNorm Extension","Maps to","2022-05-27","2099-12-31",
"15043","OMOP4764289","LPD_Australia","RxNorm Extension","Maps to","2022-05-27","2099-12-31",
"605740","OMOP530238","LPD_Australia","RxNorm Extension","Maps to","2022-05-27","2099-12-31",
"607713","42316","LPD_Australia","RxNorm","Maps to","2022-05-27","2099-12-31",
"20290","4337","LPD_Australia","RxNorm","Maps to","2022-05-27","2099-12-31",
"OMOP576478","OMOP543458","LPD_Australia","RxNorm Extension","Maps to","2022-05-27","2099-12-31",
"2042858","381174","LPD_Australia","RxNorm","Maps to","2022-05-27","2099-12-31",
"2040112","OMOP5143994","LPD_Australia","RxNorm Extension","Maps to","2022-05-27","2099-12-31",
"604029","1368383","LPD_Australia","RxNorm","Maps to","2022-05-27","2099-12-31",
"2039934","OMOP994446","LPD_Australia","RxNorm Extension","Maps to","2022-05-27","2099-12-31",
"590817","OMOP994671","LPD_Australia","RxNorm Extension","Maps to","2022-05-27","2099-12-31",
"606673","384832","LPD_Australia","RxNorm","Maps to","2022-05-27","2099-12-31",
"22319","168","LPD_Australia","CVX","Maps to","2022-05-27","2099-12-31",
"OMOP581905","OMOP540518","LPD_Australia","RxNorm Extension","Maps to","2022-05-27","2099-12-31",
"15073","OMOP4826249","LPD_Australia","RxNorm Extension","Maps to","2022-05-27","2099-12-31",
"2043115","315256","LPD_Australia","RxNorm","Maps to","2022-05-27","2099-12-31",
"2040980","153109","LPD_Australia","RxNorm","Maps to","2022-05-27","2099-12-31",
"24540","153760","LPD_Australia","RxNorm","Maps to","2022-05-27","2099-12-31",
"605863","1897","LPD_Australia","RxNorm","Maps to","2022-05-27","2099-12-31",
"OMOP579178","OMOP531144","LPD_Australia","RxNorm Extension","Maps to","2022-05-27","2099-12-31",
"606690","4337","LPD_Australia","RxNorm","Maps to","2022-05-27","2099-12-31",
"607722","42316","LPD_Australia","RxNorm","Maps to","2022-05-27","2099-12-31",
"3538","2392142","LPD_Australia","RxNorm","Maps to","2022-05-27","2099-12-31",
"2042069","OMOP5119293","LPD_Australia","RxNorm Extension","Maps to","2022-05-27","2099-12-31",
"2048517","6111","LPD_Australia","RxNorm","Maps to","2022-05-27","2099-12-31",
"11720","OMOP5144507","LPD_Australia","RxNorm Extension","Maps to","2022-05-27","2099-12-31",
"606752","7052","LPD_Australia","RxNorm","Maps to","2022-05-27","2099-12-31",
"2044740","OMOP1076378","LPD_Australia","RxNorm Extension","Maps to","2022-05-27","2099-12-31",
"2049518","OMOP2032735","LPD_Australia","RxNorm Extension","Maps to","2022-05-27","2099-12-31",
"2045221","OMOP529881","LPD_Australia","RxNorm Extension","Maps to","2022-05-27","2099-12-31",
"13146","OMOP562680","LPD_Australia","RxNorm Extension","Maps to","2022-05-27","2099-12-31",
"2049190","OMOP556797","LPD_Australia","RxNorm Extension","Maps to","2022-05-27","2099-12-31",
"2046418","OMOP2502139","LPD_Australia","RxNorm Extension","Maps to","2022-05-27","2099-12-31",
"OMOP576748","OMOP5148836","LPD_Australia","RxNorm Extension","Maps to","2022-05-27","2099-12-31",
"2039828","1236124","LPD_Australia","RxNorm","Maps to","2022-05-27","2099-12-31",
"OMOP578271","748796","LPD_Australia","RxNorm","Maps to","2022-05-27","2099-12-31",
"2045322","OMOP549270","LPD_Australia","RxNorm Extension","Maps to","2022-05-27","2099-12-31",
"2049122","2193","LPD_Australia","RxNorm","Maps to","2022-05-27","2099-12-31",
"2049084","OMOP994549","LPD_Australia","RxNorm Extension","Maps to","2022-05-27","2099-12-31",
"OMOP581900","OMOP1029322","LPD_Australia","RxNorm Extension","Maps to","2022-05-27","2099-12-31",
"2039807","378289","LPD_Australia","RxNorm","Maps to","2022-05-27","2099-12-31",
"607939","OMOP529249","LPD_Australia","RxNorm Extension","Maps to","2022-05-27","2099-12-31",
"603404","17128","LPD_Australia","RxNorm","Maps to","2022-05-27","2099-12-31",
"1012","207050","LPD_Australia","RxNorm","Maps to","2022-05-27","2099-12-31",
"2049529","OMOP5120889","LPD_Australia","RxNorm Extension","Maps to","2022-05-27","2099-12-31",
"605295","1424884","LPD_Australia","RxNorm","Maps to","2022-05-27","2099-12-31",
"2047445","OMOP532849","LPD_Australia","RxNorm Extension","Maps to","2022-05-27","2099-12-31",
"2043807","313323","LPD_Australia","RxNorm","Maps to","2022-05-27","2099-12-31",
"OMOP578054","393435","LPD_Australia","RxNorm","Maps to","2022-05-27","2099-12-31",
"605477","1455099","LPD_Australia","RxNorm","Maps to","2022-05-27","2099-12-31",
"607116","OMOP2373231","LPD_Australia","RxNorm Extension","Maps to","2022-05-27","2099-12-31",
"OMOP581910","OMOP540372","LPD_Australia","RxNorm Extension","Maps to","2022-05-27","2099-12-31",
"2042955","OMOP2066735","LPD_Australia","RxNorm Extension","Maps to","2022-05-27","2099-12-31",
"OMOP578702","206181","LPD_Australia","RxNorm","Maps to","2022-05-27","2099-12-31",
"20670","4885","LPD_Australia","RxNorm","Maps to","2022-05-27","2099-12-31",
"27614","11416","LPD_Australia","RxNorm","Maps to","2022-05-27","2099-12-31",
"2043733","OMOP3094706","LPD_Australia","RxNorm Extension","Maps to","2022-05-27","2099-12-31",
"605952","OMOP994671","LPD_Australia","RxNorm Extension","Maps to","2022-05-27","2099-12-31",
"607771","5499","LPD_Australia","RxNorm","Maps to","2022-05-27","2099-12-31",
"588162","1809648","LPD_Australia","RxNorm","Maps to","2022-05-27","2099-12-31",
"598466","OMOP1076959","LPD_Australia","RxNorm Extension","Maps to","2022-05-27","2099-12-31",
"590738","OMOP556867","LPD_Australia","RxNorm Extension","Maps to","2022-05-27","2099-12-31",
"15828","996578","LPD_Australia","RxNorm","Maps to","2022-05-27","2099-12-31",
"607106","805658","LPD_Australia","RxNorm","Maps to","2022-05-27","2099-12-31",
"20109","580285","LPD_Australia","RxNorm","Maps to","2022-05-27","2099-12-31",
"15048","1423702","LPD_Australia","RxNorm","Maps to","2022-05-27","2099-12-31",
"599787","OMOP539011","LPD_Australia","RxNorm Extension","Maps to","2022-05-27","2099-12-31",
"603492","1426854","LPD_Australia","RxNorm","Maps to","2022-05-27","2099-12-31",
"13190","17609","LPD_Australia","RxNorm","Maps to","2022-05-27","2099-12-31",
"8535","OMOP540438","LPD_Australia","RxNorm Extension","Maps to","2022-05-27","2099-12-31",
"2040426","314146","LPD_Australia","RxNorm","Maps to","2022-05-27","2099-12-31",
"588324","1151","LPD_Australia","RxNorm","Maps to","2022-05-27","2099-12-31",
"27016","236809","LPD_Australia","RxNorm","Maps to","2022-05-27","2099-12-31",
"603088","83818","LPD_Australia","RxNorm","Maps to","2022-05-27","2099-12-31",
"590844","369079","LPD_Australia","RxNorm","Maps to","2022-05-27","2099-12-31",
"OMOP576923","OMOP5149772","LPD_Australia","RxNorm Extension","Maps to","2022-05-27","2099-12-31",
"OMOP576468","OMOP543106","LPD_Australia","RxNorm Extension","Maps to","2022-05-27","2099-12-31",
"607950","1599788","LPD_Australia","RxNorm","Maps to","2022-05-27","2099-12-31",
"603829","68099","LPD_Australia","RxNorm","Maps to","2022-05-27","2099-12-31",
"OMOP581873","OMOP531180","LPD_Australia","RxNorm Extension","Maps to","2022-05-27","2099-12-31",
"608073","OMOP528391","LPD_Australia","RxNorm Extension","Maps to","2022-05-27","2099-12-31",
"22778","37","LPD_Australia","CVX","Maps to","2022-05-27","2099-12-31",
"OMOP578055","374062","LPD_Australia","RxNorm","Maps to","2022-05-27","2099-12-31",
"10436","OMOP417257","LPD_Australia","RxNorm Extension","Maps to","2022-05-27","2099-12-31",
"2043483","OMOP340341","LPD_Australia","RxNorm Extension","Maps to","2022-05-27","2099-12-31",
"2044515","OMOP997135","LPD_Australia","RxNorm Extension","Maps to","2022-05-27","2099-12-31",
"10140","1425","LPD_Australia","RxNorm","Maps to","2022-05-27","2099-12-31",
"2044997","340325","LPD_Australia","RxNorm","Maps to","2022-05-27","2099-12-31",
"589922","OMOP4819375","LPD_Australia","RxNorm Extension","Maps to","2022-05-27","2099-12-31",
"605465","OMOP5152353","LPD_Australia","RxNorm Extension","Maps to","2022-05-27","2099-12-31",
"2047861","OMOP752118","LPD_Australia","RxNorm Extension","Maps to","2022-05-27","2099-12-31",
"2047618","52356","LPD_Australia","RxNorm","Maps to","2022-05-27","2099-12-31",
"2039903","OMOP557218","LPD_Australia","RxNorm Extension","Maps to","2022-05-27","2099-12-31",
"OMOP576938","OMOP5148832","LPD_Australia","RxNorm Extension","Maps to","2022-05-27","2099-12-31",
"OMOP581894","OMOP531133","LPD_Australia","RxNorm Extension","Maps to","2022-05-27","2099-12-31",
"OMOP579792","OMOP314737","LPD_Australia","RxNorm Extension","Maps to","2022-05-27","2099-12-31",
"606049","2551","LPD_Australia","RxNorm","Maps to","2022-05-27","2099-12-31",
"605671","7242","LPD_Australia","RxNorm","Maps to","2022-05-27","2099-12-31",
"OMOP579751","11416","LPD_Australia","RxNorm","Maps to","2022-05-27","2099-12-31",
"9875","OMOP5124899","LPD_Australia","RxNorm Extension","Maps to","2022-05-27","2099-12-31",
"OMOP578934","OMOP410111","LPD_Australia","RxNorm Extension","Maps to","2022-05-27","2099-12-31",
"4877","203970","LPD_Australia","RxNorm","Maps to","2022-05-27","2099-12-31",
"33757","OMOP994671","LPD_Australia","RxNorm Extension","Maps to","2022-05-27","2099-12-31",
"2042201","855312","LPD_Australia","RxNorm","Maps to","2022-05-27","2099-12-31",
"608140","679314","LPD_Australia","RxNorm","Maps to","2022-05-27","2099-12-31",
"591383","OMOP3126639","LPD_Australia","RxNorm Extension","Maps to","2022-05-27","2099-12-31",
"OMOP579844","7646","LPD_Australia","RxNorm","Maps to","2022-05-27","2099-12-31",
"23450","OMOP348307","LPD_Australia","RxNorm Extension","Maps to","2022-05-27","2099-12-31",
"2046708","336960","LPD_Australia","RxNorm","Maps to","2022-05-27","2099-12-31",
"607351","1514","LPD_Australia","RxNorm","Maps to","2022-05-27","2099-12-31",
"2047608","316628","LPD_Australia","RxNorm","Maps to","2022-05-27","2099-12-31",
"15299","199422","LPD_Australia","RxNorm","Maps to","2022-05-27","2099-12-31",
"2043137","328824","LPD_Australia","RxNorm","Maps to","2022-05-27","2099-12-31",
"604909","OMOP1064024","LPD_Australia","RxNorm Extension","Maps to","2022-05-27","2099-12-31",
"2039967","1538588","LPD_Australia","RxNorm","Maps to","2022-05-27","2099-12-31",
"2046292","OMOP2371765","LPD_Australia","RxNorm Extension","Maps to","2022-05-27","2099-12-31",
"17564","161","LPD_Australia","RxNorm","Maps to","2022-05-27","2099-12-31",
"OMOP576918","OMOP5149834","LPD_Australia","RxNorm Extension","Maps to","2022-05-27","2099-12-31",
"2049667","1661387","LPD_Australia","RxNorm","Maps to","2022-05-27","2099-12-31",
"OMOP579164","377766","LPD_Australia","RxNorm","Maps to","2022-05-27","2099-12-31",
"OMOP581907","OMOP254597","LPD_Australia","RxNorm Extension","Maps to","2022-05-27","2099-12-31",
"OMOP579759","1307749","LPD_Australia","RxNorm","Maps to","2022-05-27","2099-12-31",
"2047329","OMOP4944750","LPD_Australia","RxNorm Extension","Maps to","2022-05-27","2099-12-31",
"587904","236809","LPD_Australia","RxNorm","Maps to","2022-05-27","2099-12-31",
"OMOP582023","OMOP531211","LPD_Australia","RxNorm Extension","Maps to","2022-05-27","2099-12-31",
"2050890","OMOP987914","LPD_Australia","RxNorm Extension","Maps to","2022-05-27","2099-12-31",
"2043771","316352","LPD_Australia","RxNorm","Maps to","2022-05-27","2099-12-31",
"25989","898591","LPD_Australia","RxNorm","Maps to","2022-05-27","2099-12-31",
"606190","327361","LPD_Australia","RxNorm","Maps to","2022-05-27","2099-12-31",
"603375","OMOP551529","LPD_Australia","RxNorm Extension","Maps to","2022-05-27","2099-12-31",
"2048497","OMOP550421","LPD_Australia","RxNorm Extension","Maps to","2022-05-27","2099-12-31",
"OMOP576937","OMOP5148891","LPD_Australia","RxNorm Extension","Maps to","2022-05-27","2099-12-31",
"2046657","328292","LPD_Australia","RxNorm","Maps to","2022-05-27","2099-12-31",
"2048248","1115461","LPD_Australia","RxNorm","Maps to","2022-05-27","2099-12-31",
"2042625","198501","LPD_Australia","RxNorm","Maps to","2022-05-27","2099-12-31",
"606511","1592745","LPD_Australia","RxNorm","Maps to","2022-05-27","2099-12-31",
"605671","7804","LPD_Australia","RxNorm","Maps to","2022-05-27","2099-12-31",
"OMOP579662","OMOP5136907","LPD_Australia","RxNorm Extension","Maps to","2022-05-27","2099-12-31",
"27614","2496","LPD_Australia","RxNorm","Maps to","2022-05-27","2099-12-31",
"2040389","OMOP553292","LPD_Australia","RxNorm Extension","Maps to","2022-05-27","2099-12-31",
"15930","1876705","LPD_Australia","RxNorm","Maps to","2022-05-27","2099-12-31",
"2048659","377270","LPD_Australia","RxNorm","Maps to","2022-05-27","2099-12-31",
"14858","723","LPD_Australia","RxNorm","Maps to","2022-05-27","2099-12-31",
"591772","2531539","LPD_Australia","RxNorm","Maps to","2022-05-27","2099-12-31",
"24372","OMOP2719765","LPD_Australia","RxNorm Extension","Maps to","2022-05-27","2099-12-31",
"OMOP579760","1307750","LPD_Australia","RxNorm","Maps to","2022-05-27","2099-12-31",
"23117","2582","LPD_Australia","RxNorm","Maps to","2022-05-27","2099-12-31",
"2403","OMOP3097928","LPD_Australia","RxNorm Extension","Maps to","2022-05-27","2099-12-31",
"15405","168","LPD_Australia","CVX","Maps to","2022-05-27","2099-12-31",
"2047760","OMOP5125074","LPD_Australia","RxNorm Extension","Maps to","2022-05-27","2099-12-31",
"607461","108118","LPD_Australia","RxNorm","Maps to","2022-05-27","2099-12-31",
"603088","5487","LPD_Australia","RxNorm","Maps to","2022-05-27","2099-12-31",
"33602","OMOP1102254","LPD_Australia","RxNorm Extension","Maps to","2022-05-27","2099-12-31",
"OMOP578051","370579","LPD_Australia","RxNorm","Maps to","2022-05-27","2099-12-31",
"OMOP577977","OMOP5022809","LPD_Australia","RxNorm Extension","Maps to","2022-05-27","2099-12-31",
"2044914","1536433","LPD_Australia","RxNorm","Maps to","2022-05-27","2099-12-31",
"OMOP579172","OMOP531128","LPD_Australia","RxNorm Extension","Maps to","2022-05-27","2099-12-31",
"OMOP579794","OMOP265517","LPD_Australia","RxNorm Extension","Maps to","2022-05-27","2099-12-31",
"2046540","316142","LPD_Australia","RxNorm","Maps to","2022-05-27","2099-12-31",
"2046540","329333","LPD_Australia","RxNorm","Maps to","2022-05-27","2099-12-31",
"590148","374710","LPD_Australia","RxNorm","Maps to","2022-05-27","2099-12-31",
"608111","OMOP273966","LPD_Australia","RxNorm Extension","Maps to","2022-05-27","2099-12-31",
"603726","88249","LPD_Australia","RxNorm","Maps to","2022-05-27","2099-12-31",
"OMOP576922","OMOP5149857","LPD_Australia","RxNorm Extension","Maps to","2022-05-27","2099-12-31",
"2045705","OMOP362871","LPD_Australia","RxNorm Extension","Maps to","2022-05-27","2099-12-31",
"2048246","477589","LPD_Australia","RxNorm","Maps to","2022-05-27","2099-12-31",
"599788","68149","LPD_Australia","RxNorm","Maps to","2022-05-27","2099-12-31",
"32772","OMOP994671","LPD_Australia","RxNorm Extension","Maps to","2022-05-27","2099-12-31",
"OMOP576471","OMOP542901","LPD_Australia","RxNorm Extension","Maps to","2022-05-27","2099-12-31",
"17207","OMOP1073396","LPD_Australia","RxNorm Extension","Maps to","2022-05-27","2099-12-31",
"605552","1546168","LPD_Australia","RxNorm","Maps to","2022-05-27","2099-12-31",
"2042452","372040","LPD_Australia","RxNorm","Maps to","2022-05-27","2099-12-31",
"18408","26","LPD_Australia","CVX","Maps to","2022-05-27","2099-12-31",
"OMOP579752","265647","LPD_Australia","RxNorm","Maps to","2022-05-27","2099-12-31",
"OMOP577461","OMOP531145","LPD_Australia","RxNorm Extension","Maps to","2022-05-27","2099-12-31",
"OMOP576470","OMOP5148760","LPD_Australia","RxNorm Extension","Maps to","2022-05-27","2099-12-31",
"OMOP578787","OMOP531146","LPD_Australia","RxNorm Extension","Maps to","2022-05-27","2099-12-31",
"17734","OMOP4828455","LPD_Australia","RxNorm Extension","Maps to","2022-05-27","2099-12-31",
"13010","345994","LPD_Australia","RxNorm","Maps to","2022-05-27","2099-12-31",
"11864","332686","LPD_Australia","RxNorm","Maps to","2022-05-27","2099-12-31",
"2042756","OMOP454411","LPD_Australia","RxNorm Extension","Maps to","2022-05-27","2099-12-31",
"27614","4885","LPD_Australia","RxNorm","Maps to","2022-05-27","2099-12-31",
"11828","1655957","LPD_Australia","RxNorm","Maps to","2022-05-27","2099-12-31",
"14895","798362","LPD_Australia","RxNorm","Maps to","2022-05-27","2099-12-31",
"OMOP579759","1946395","LPD_Australia","RxNorm","Maps to","2022-05-27","2099-12-31",
"OMOP579752","1307749","LPD_Australia","RxNorm","Maps to","2022-05-27","2099-12-31",
"7568","OMOP533138","LPD_Australia","RxNorm Extension","Maps to","2022-05-27","2099-12-31",
"9423","1190219","LPD_Australia","RxNorm","Maps to","2022-05-27","2099-12-31",
"34088","152544","LPD_Australia","RxNorm","Maps to","2022-05-27","2099-12-31",
"2047353","5032","LPD_Australia","RxNorm","Maps to","2022-05-27","2099-12-31",
"2040560","1399","LPD_Australia","RxNorm","Maps to","2022-05-27","2099-12-31",
"2043385","10502","LPD_Australia","RxNorm","Maps to","2022-05-27","2099-12-31",
"607667","7052","LPD_Australia","RxNorm","Maps to","2022-05-27","2099-12-31",
"22643","859088","LPD_Australia","RxNorm","Maps to","2022-05-27","2099-12-31",
"OMOP575535","OMOP557019","LPD_Australia","RxNorm Extension","Maps to","2022-05-27","2099-12-31",
"OMOP579751","1151","LPD_Australia","RxNorm","Maps to","2022-05-27","2099-12-31",
"22500","OMOP4651915","LPD_Australia","RxNorm Extension","Maps to","2022-05-27","2099-12-31",
"24035","OMOP5145627","LPD_Australia","RxNorm Extension","Maps to","2022-05-27","2099-12-31",
"2043392","253182","LPD_Australia","RxNorm","Maps to","2022-05-27","2099-12-31",
"16646","385623","LPD_Australia","RxNorm","Maps to","2022-05-27","2099-12-31",
"607745","11248","LPD_Australia","RxNorm","Maps to","2022-05-27","2099-12-31",
"OMOP577463","OMOP531169","LPD_Australia","RxNorm Extension","Maps to","2022-05-27","2099-12-31",
"33051","OMOP994671","LPD_Australia","RxNorm Extension","Maps to","2022-05-27","2099-12-31",
"OMOP576148","OMOP543301","LPD_Australia","RxNorm Extension","Maps to","2022-05-27","2099-12-31",
"33437","OMOP994671","LPD_Australia","RxNorm Extension","Maps to","2022-05-27","2099-12-31",
"2049239","OMOP5133260","LPD_Australia","RxNorm Extension","Maps to","2022-05-27","2099-12-31",
"17127","8214","LPD_Australia","RxNorm","Maps to","2022-05-27","2099-12-31",
"OMOP580798","373774","LPD_Australia","RxNorm","Maps to","2022-05-27","2099-12-31",
"38073","OMOP416339","LPD_Australia","RxNorm Extension","Maps to","2022-05-27","2099-12-31",
"OMOP581892","OMOP531179","LPD_Australia","RxNorm Extension","Maps to","2022-05-27","2099-12-31",
"2044739","OMOP552604","LPD_Australia","RxNorm Extension","Maps to","2022-05-27","2099-12-31",
"2043613","OMOP348376","LPD_Australia","RxNorm Extension","Maps to","2022-05-27","2099-12-31",
"5883","402244","LPD_Australia","RxNorm","Maps to","2022-05-27","2099-12-31",
"2045775","OMOP5120806","LPD_Australia","RxNorm Extension","Maps to","2022-05-27","2099-12-31",
"2043825","328304","LPD_Australia","RxNorm","Maps to","2022-05-27","2099-12-31",
"2047642","139825","LPD_Australia","RxNorm","Maps to","2022-05-27","2099-12-31",
"2042822","373370","LPD_Australia","RxNorm","Maps to","2022-05-27","2099-12-31",
"7389","103831","LPD_Australia","RxNorm","Maps to","2022-05-27","2099-12-31",
"605466","5492","LPD_Australia","RxNorm","Maps to","2022-05-27","2099-12-31",
"31592","OMOP421364","LPD_Australia","RxNorm Extension","Maps to","2022-05-27","2099-12-31",
"12478","8611","LPD_Australia","RxNorm","Maps to","2022-05-27","2099-12-31",
"12044","OMOP1002874","LPD_Australia","RxNorm Extension","Maps to","2022-05-27","2099-12-31",
"2048953","OMOP547559","LPD_Australia","RxNorm Extension","Maps to","2022-05-27","2099-12-31",
"2040433","2535747","LPD_Australia","RxNorm","Maps to","2022-05-27","2099-12-31",
"29657","1368530","LPD_Australia","RxNorm","Maps to","2022-05-27","2099-12-31",
"13138","OMOP993971","LPD_Australia","RxNorm Extension","Maps to","2022-05-27","2099-12-31",
"2040252","351267","LPD_Australia","RxNorm","Maps to","2022-05-27","2099-12-31",
"605622","372455","LPD_Australia","RxNorm","Maps to","2022-05-27","2099-12-31",
"2040393","OMOP566928","LPD_Australia","RxNorm Extension","Maps to","2022-05-27","2099-12-31",
"2046361","OMOP535788","LPD_Australia","RxNorm Extension","Maps to","2022-05-27","2099-12-31",
"OMOP581468","OMOP5148817","LPD_Australia","RxNorm Extension","Maps to","2022-05-27","2099-12-31",
"OMOP577471","OMOP540545","LPD_Australia","RxNorm Extension","Maps to","2022-05-27","2099-12-31",
"607404","6902","LPD_Australia","RxNorm","Maps to","2022-05-27","2099-12-31",
"607268","16681","LPD_Australia","RxNorm","Maps to","2022-05-27","2099-12-31",
"33755","OMOP5144837","LPD_Australia","RxNorm Extension","Maps to","2022-05-27","2099-12-31",
"590119","6628","LPD_Australia","RxNorm","Maps to","2022-05-27","2099-12-31",
"607269","OMOP528657","LPD_Australia","RxNorm Extension","Maps to","2022-05-27","2099-12-31",
"OMOP577314","OMOP564851","LPD_Australia","RxNorm Extension","Maps to","2022-05-27","2099-12-31",
"586634","21","LPD_Australia","CVX","Maps to","2022-05-27","2099-12-31",
"2040403","1359730","LPD_Australia","RxNorm","Maps to","2022-05-27","2099-12-31",
"OMOP577172","OMOP531168","LPD_Australia","RxNorm Extension","Maps to","2022-05-27","2099-12-31",
"589845","7258","LPD_Australia","RxNorm","Maps to","2022-05-27","2099-12-31",
"6474","1869278","LPD_Australia","RxNorm","Maps to","2022-05-27","2099-12-31",
"3559","68149","LPD_Australia","RxNorm","Maps to","2022-05-27","2099-12-31",
"15150","803362","LPD_Australia","RxNorm","Maps to","2022-05-27","2099-12-31",
"OMOP577315","OMOP564839","LPD_Australia","RxNorm Extension","Maps to","2022-05-27","2099-12-31",
"606571","OMOP531431","LPD_Australia","RxNorm Extension","Maps to","2022-05-27","2099-12-31",
"2043687","OMOP2805253","LPD_Australia","RxNorm Extension","Maps to","2022-05-27","2099-12-31",
"OMOP575753","OMOP5136903","LPD_Australia","RxNorm Extension","Maps to","2022-05-27","2099-12-31",
"2048101","OMOP5121659","LPD_Australia","RxNorm Extension","Maps to","2022-05-27","2099-12-31",
"1490","1731352","LPD_Australia","RxNorm","Maps to","2022-05-27","2099-12-31",
"596767","68442","LPD_Australia","RxNorm","Maps to","2022-05-27","2099-12-31",
"607684","OMOP530608","LPD_Australia","RxNorm Extension","Maps to","2022-05-27","2099-12-31",
"1591","152571","LPD_Australia","RxNorm","Maps to","2022-05-27","2099-12-31",
"4404","OMOP992872","LPD_Australia","RxNorm Extension","Maps to","2022-05-27","2099-12-31",
"32915","OMOP5051440","LPD_Australia","RxNorm Extension","Maps to","2022-05-27","2099-12-31",
"OMOP576391","OMOP2343100","LPD_Australia","RxNorm Extension","Maps to","2022-05-27","2099-12-31",
"607270","OMOP528657","LPD_Australia","RxNorm Extension","Maps to","2022-05-27","2099-12-31",
"2042600","995599","LPD_Australia","RxNorm","Maps to","2022-05-27","2099-12-31",
"24228","OMOP4723085","LPD_Australia","RxNorm Extension","Maps to","2022-05-27","2099-12-31",
"33560","618771","LPD_Australia","RxNorm","Maps to","2022-05-27","2099-12-31",
"2043620","998437","LPD_Australia","RxNorm","Maps to","2022-05-27","2099-12-31",
"2046453","OMOP1063454","LPD_Australia","RxNorm Extension","Maps to","2022-05-27","2099-12-31",
"605670","7804","LPD_Australia","RxNorm","Maps to","2022-05-27","2099-12-31",
"OMOP579751","265647","LPD_Australia","RxNorm","Maps to","2022-05-27","2099-12-31",
"4616","OMOP5124247","LPD_Australia","RxNorm Extension","Maps to","2022-05-27","2099-12-31",
"OMOP579789","978942","LPD_Australia","RxNorm","Maps to","2022-05-27","2099-12-31",
"2045638","OMOP4815588","LPD_Australia","RxNorm Extension","Maps to","2022-05-27","2099-12-31",
"2047020","876693","LPD_Australia","RxNorm","Maps to","2022-05-27","2099-12-31",
"13172","17609","LPD_Australia","RxNorm","Maps to","2022-05-27","2099-12-31",
"32915","OMOP5051433","LPD_Australia","RxNorm Extension","Maps to","2022-05-27","2099-12-31",
"2043150","OMOP2747017","LPD_Australia","RxNorm Extension","Maps to","2022-05-27","2099-12-31",
"2047095","OMOP375904","LPD_Australia","RxNorm Extension","Maps to","2022-05-27","2099-12-31",
"6433","4450","LPD_Australia","RxNorm","Maps to","2022-05-27","2099-12-31",
"OMOP581902","OMOP1029324","LPD_Australia","RxNorm Extension","Maps to","2022-05-27","2099-12-31",
"OMOP576149","OMOP542933","LPD_Australia","RxNorm Extension","Maps to","2022-05-27","2099-12-31",
"2041126","OMOP402351","LPD_Australia","RxNorm Extension","Maps to","2022-05-27","2099-12-31",
"14723","798362","LPD_Australia","RxNorm","Maps to","2022-05-27","2099-12-31",
"2042798","OMOP552411","LPD_Australia","RxNorm Extension","Maps to","2022-05-27","2099-12-31",
"2048891","2475840","LPD_Australia","RxNorm","Maps to","2022-05-27","2099-12-31",
"605129","OMOP1078254","LPD_Australia","RxNorm Extension","Maps to","2022-05-27","2099-12-31",
"10924","OMOP1048170","LPD_Australia","RxNorm Extension","Maps to","2022-05-27","2099-12-31",
"606618","161","LPD_Australia","RxNorm","Maps to","2022-05-27","2099-12-31",
"2045289","1347","LPD_Australia","RxNorm","Maps to","2022-05-27","2099-12-31",
"603516","OMOP535815","LPD_Australia","RxNorm Extension","Maps to","2022-05-27","2099-12-31",
"608132","83367","LPD_Australia","RxNorm","Maps to","2022-05-27","2099-12-31",
"594480","OMOP1089334","LPD_Australia","RxNorm Extension","Maps to","2022-05-27","2099-12-31",
"2045271","226333","LPD_Australia","RxNorm","Maps to","2022-05-27","2099-12-31",
"588324","11251","LPD_Australia","RxNorm","Maps to","2022-05-27","2099-12-31",
"13163","35382","LPD_Australia","RxNorm","Maps to","2022-05-27","2099-12-31",
"18672","313000","LPD_Australia","RxNorm","Maps to","2022-05-27","2099-12-31",
"OMOP578053","372897","LPD_Australia","RxNorm","Maps to","2022-05-27","2099-12-31",
"10305","OMOP4849874","LPD_Australia","RxNorm Extension","Maps to","2022-05-27","2099-12-31",
"20913","OMOP1043364","LPD_Australia","RxNorm Extension","Maps to","2022-05-27","2099-12-31",
"OMOP578801","OMOP531156","LPD_Australia","RxNorm Extension","Maps to","2022-05-27","2099-12-31",
"603492","91327","LPD_Australia","RxNorm","Maps to","2022-05-27","2099-12-31",
"OMOP576998","OMOP543558","LPD_Australia","RxNorm Extension","Maps to","2022-05-27","2099-12-31",
"2048211","OMOP1115227","LPD_Australia","RxNorm Extension","Maps to","2022-05-27","2099-12-31",
"2046065","OMOP531530","LPD_Australia","RxNorm Extension","Maps to","2022-05-27","2099-12-31",
"14583","3008","LPD_Australia","RxNorm","Maps to","2022-05-27","2099-12-31",
"11693","385623","LPD_Australia","RxNorm","Maps to","2022-05-27","2099-12-31",
"31543","OMOP552953","LPD_Australia","RxNorm Extension","Maps to","2022-05-27","2099-12-31",
"604910","OMOP1064024","LPD_Australia","RxNorm Extension","Maps to","2022-05-27","2099-12-31",
"4579","OMOP5126668","LPD_Australia","RxNorm Extension","Maps to","2022-05-27","2099-12-31",
"OMOP576479","OMOP543532","LPD_Australia","RxNorm Extension","Maps to","2022-05-27","2099-12-31",
"2040770","328260","LPD_Australia","RxNorm","Maps to","2022-05-27","2099-12-31",
"2046436","389221","LPD_Australia","RxNorm","Maps to","2022-05-27","2099-12-31",
"27016","1441536","LPD_Australia","RxNorm","Maps to","2022-05-27","2099-12-31",
"OMOP576934","OMOP5149852","LPD_Australia","RxNorm Extension","Maps to","2022-05-27","2099-12-31",
"2043359","598","LPD_Australia","RxNorm","Maps to","2022-05-27","2099-12-31",
"OMOP579640","OMOP5136164","LPD_Australia","RxNorm Extension","Maps to","2022-05-27","2099-12-31",
"605995","2626","LPD_Australia","RxNorm","Maps to","2022-05-27","2099-12-31",
"2043665","OMOP545877","LPD_Australia","RxNorm Extension","Maps to","2022-05-27","2099-12-31",
"591513","11251","LPD_Australia","RxNorm","Maps to","2022-05-27","2099-12-31",
"OMOP581874","OMOP531134","LPD_Australia","RxNorm Extension","Maps to","2022-05-27","2099-12-31",
"2040408","378252","LPD_Australia","RxNorm","Maps to","2022-05-27","2099-12-31",
"11310","759758","LPD_Australia","RxNorm","Maps to","2022-05-27","2099-12-31",
"605626","370754","LPD_Australia","RxNorm","Maps to","2022-05-27","2099-12-31",
"2043176","3743","LPD_Australia","RxNorm","Maps to","2022-05-27","2099-12-31",
"OMOP579751","228041","LPD_Australia","RxNorm","Maps to","2022-05-27","2099-12-31",
"OMOP576147","OMOP543071","LPD_Australia","RxNorm Extension","Maps to","2022-05-27","2099-12-31",
"2040477","OMOP5022866","LPD_Australia","RxNorm Extension","Maps to","2022-05-27","2099-12-31",
"2044417","995609","LPD_Australia","RxNorm","Maps to","2022-05-27","2099-12-31",
"2046359","OMOP557285","LPD_Australia","RxNorm Extension","Maps to","2022-05-27","2099-12-31",
"2040351","199274","LPD_Australia","RxNorm","Maps to","2022-05-27","2099-12-31",
"OMOP580683","OMOP540570","LPD_Australia","RxNorm Extension","Maps to","2022-05-27","2099-12-31",
"15987","OMOP2399078","LPD_Australia","RxNorm Extension","Maps to","2022-05-27","2099-12-31",
"24097","1658062","LPD_Australia","RxNorm","Maps to","2022-05-27","2099-12-31",
"21832","OMOP549873","LPD_Australia","RxNorm Extension","Maps to","2022-05-27","2099-12-31",
"589221","1886","LPD_Australia","RxNorm","Maps to","2022-05-27","2099-12-31",
"2046953","OMOP5149811","LPD_Australia","RxNorm Extension","Maps to","2022-05-27","2099-12-31",
"36072","OMOP5141644","LPD_Australia","RxNorm Extension","Maps to","2022-05-27","2099-12-31",
"2049221","OMOP1141436","LPD_Australia","RxNorm Extension","Maps to","2022-05-27","2099-12-31",
"25087","OMOP558385","LPD_Australia","RxNorm Extension","Maps to","2022-05-27","2099-12-31",
"19110","37776","LPD_Australia","RxNorm","Maps to","2022-05-27","2099-12-31",
"589221","161","LPD_Australia","RxNorm","Maps to","2022-05-27","2099-12-31",
"2047958","406227","LPD_Australia","RxNorm","Maps to","2022-05-27","2099-12-31",
"2045729","OMOP536633","LPD_Australia","RxNorm Extension","Maps to","2022-05-27","2099-12-31",
"OMOP579752","253206","LPD_Australia","RxNorm","Maps to","2022-05-27","2099-12-31",
"25988","898607","LPD_Australia","RxNorm","Maps to","2022-05-27","2099-12-31",
"OMOP579790","197659","LPD_Australia","RxNorm","Maps to","2022-05-27","2099-12-31",
"2040282","OMOP2219997","LPD_Australia","RxNorm Extension","Maps to","2022-05-27","2099-12-31",
"605863","2418","LPD_Australia","RxNorm","Maps to","2022-05-27","2099-12-31",
"27614","684879","LPD_Australia","RxNorm","Maps to","2022-05-27","2099-12-31",
"606529","183379","LPD_Australia","RxNorm","Maps to","2022-05-27","2099-12-31",
"604906","378921","LPD_Australia","RxNorm","Maps to","2022-05-27","2099-12-31",
"607685","OMOP530608","LPD_Australia","RxNorm Extension","Maps to","2022-05-27","2099-12-31",
"2044266","OMOP392748","LPD_Australia","RxNorm Extension","Maps to","2022-05-27","2099-12-31",
"2041005","312968","LPD_Australia","RxNorm","Maps to","2022-05-27","2099-12-31",
"2040191","1012922","LPD_Australia","RxNorm","Maps to","2022-05-27","2099-12-31",
"605984","282446","LPD_Australia","RxNorm","Maps to","2022-05-27","2099-12-31",
"19806","141888","LPD_Australia","RxNorm","Maps to","2022-05-27","2099-12-31",
"OMOP575536","OMOP553949","LPD_Australia","RxNorm Extension","Maps to","2022-05-27","2099-12-31",
"16732","20012","LPD_Australia","RxNorm","Maps to","2022-05-27","2099-12-31",
"OMOP581906","250213","LPD_Australia","RxNorm","Maps to","2022-05-27","2099-12-31",
"2050648","895014","LPD_Australia","RxNorm","Maps to","2022-05-27","2099-12-31",
"2045438","798244","LPD_Australia","RxNorm","Maps to","2022-05-27","2099-12-31",
"608092","282388","LPD_Australia","RxNorm","Maps to","2022-05-27","2099-12-31",
"2045428","OMOP397087","LPD_Australia","RxNorm Extension","Maps to","2022-05-27","2099-12-31",
"9669","849760","LPD_Australia","RxNorm","Maps to","2022-05-27","2099-12-31",
"OMOP576482","OMOP5150901","LPD_Australia","RxNorm Extension","Maps to","2022-05-27","2099-12-31",
"11514","2400","LPD_Australia","RxNorm","Maps to","2022-05-27","2099-12-31",
"16680","OMOP5149808","LPD_Australia","RxNorm Extension","Maps to","2022-05-27","2099-12-31",
"2050316","999986","LPD_Australia","RxNorm","Maps to","2022-05-27","2099-12-31",
"OMOP580516","253453","LPD_Australia","RxNorm","Maps to","2022-05-27","2099-12-31",
"OMOP579791","OMOP408190","LPD_Australia","RxNorm Extension","Maps to","2022-05-27","2099-12-31",
"13521","1360200","LPD_Australia","RxNorm","Maps to","2022-05-27","2099-12-31",
"602889","1791362","LPD_Australia","RxNorm","Maps to","2022-05-27","2099-12-31",
"33560","38022","LPD_Australia","RxNorm","Maps to","2022-05-27","2099-12-31",
"2043612","1000364","LPD_Australia","RxNorm","Maps to","2022-05-27","2099-12-31",
"2042918","OMOP307053","LPD_Australia","RxNorm Extension","Maps to","2022-05-27","2099-12-31",
"20682","37776","LPD_Australia","RxNorm","Maps to","2022-05-27","2099-12-31",
"2046635","OMOP5051433","LPD_Australia","RxNorm Extension","Maps to","2022-05-27","2099-12-31",
"5623","OMOP1074499","LPD_Australia","RxNorm Extension","Maps to","2022-05-27","2099-12-31",
"OMOP579287","OMOP531171","LPD_Australia","RxNorm Extension","Maps to","2022-05-27","2099-12-31",
"588256","OMOP535037","LPD_Australia","RxNorm Extension","Maps to","2022-05-27","2099-12-31",
"5657","283838","LPD_Australia","RxNorm","Maps to","2022-05-27","2099-12-31",
"607081","734064","LPD_Australia","RxNorm","Maps to","2022-05-27","2099-12-31",
"603492","13369","LPD_Australia","RxNorm","Maps to","2022-05-27","2099-12-31",
"16443","OMOP5146043","LPD_Australia","RxNorm Extension","Maps to","2022-05-27","2099-12-31",
"2040708","250652","LPD_Australia","RxNorm","Maps to","2022-05-27","2099-12-31",
"605896","114979","LPD_Australia","RxNorm","Maps to","2022-05-27","2099-12-31",
"OMOP579760","1344643","LPD_Australia","RxNorm","Maps to","2022-05-27","2099-12-31",
"606642","25480","LPD_Australia","RxNorm","Maps to","2022-05-27","2099-12-31",
"22061","OMOP556855","LPD_Australia","RxNorm Extension","Maps to","2022-05-27","2099-12-31",
"17002","1483317","LPD_Australia","RxNorm","Maps to","2022-05-27","2099-12-31",
"2050138","OMOP5122350","LPD_Australia","RxNorm Extension","Maps to","2022-05-27","2099-12-31",
"27301","OMOP5143385","LPD_Australia","RxNorm Extension","Maps to","2022-05-27","2099-12-31",
"606256","283742","LPD_Australia","RxNorm","Maps to","2022-05-27","2099-12-31",
"589295","OMOP5153822","LPD_Australia","RxNorm Extension","Maps to","2022-05-27","2099-12-31",
"6162","1151","LPD_Australia","RxNorm","Maps to","2022-05-27","2099-12-31",
"OMOP581467","OMOP5148884","LPD_Australia","RxNorm Extension","Maps to","2022-05-27","2099-12-31",
"2040368","374710","LPD_Australia","RxNorm","Maps to","2022-05-27","2099-12-31",
"27016","21716","LPD_Australia","RxNorm","Maps to","2022-05-27","2099-12-31",
"605880","OMOP994671","LPD_Australia","RxNorm Extension","Maps to","2022-05-27","2099-12-31",
"OMOP580685","OMOP540565","LPD_Australia","RxNorm Extension","Maps to","2022-05-27","2099-12-31",
"2047299","OMOP5148893","LPD_Australia","RxNorm Extension","Maps to","2022-05-27","2099-12-31",
"2044420","313996","LPD_Australia","RxNorm","Maps to","2022-05-27","2099-12-31",
"2044500","OMOP568358","LPD_Australia","RxNorm Extension","Maps to","2022-05-27","2099-12-31",
"33562","636782","LPD_Australia","RxNorm","Maps to","2022-05-27","2099-12-31",
"OMOP580087","OMOP542985","LPD_Australia","RxNorm Extension","Maps to","2022-05-27","2099-12-31",
"2047399","374484","LPD_Australia","RxNorm","Maps to","2022-05-27","2099-12-31",
"3655","4448","LPD_Australia","RxNorm","Maps to","2022-05-27","2099-12-31",
"OMOP576747","OMOP5148766","LPD_Australia","RxNorm Extension","Maps to","2022-05-27","2099-12-31",
"588960","OMOP2414593","LPD_Australia","RxNorm Extension","Maps to","2022-05-27","2099-12-31",
